Frequency,Signal To Noise,Max Magnitude,Avg dBm,Average Phase,Entropy,PSD,Amplitude,RMS,Classification
1510507286,0.00016359625,1080.726,41.23,1203.9293,5.039344687970095,-7.060002,538.14276,364.42584,Jamming
1134837291,4.7921453,380.38092,35.11,38.961258,5.24509779884494,-7.8656096,188.90387,180.06743,Jamming
120000000,0.10133305,1.3402827,-11.71,-7.36668,4.32607650274686,-6.697977,0.6248048,0.82176375,Safe
1812115318,0.8165661,1203.5488,41.87,396.78085,5.009822020609649,-7.0778694,600.5458,392.16077,Jamming
120000000,0.019499034,1.3032902,-11.85,1.9236894,4.223804341318079,-6.607993,0.61410326,0.8084604,Safe
1589478346,0.08893338,482.65894,35.21,-7.4308367,5.154253373349807,-7.284477,240.26512,182.23148,Jamming
492266571,1.3528703,588.07214,37.01,3463.0684,5.13992162776701,-7.239047,293.0794,224.22998,Jamming
100000000,0.039655868,1.2834957,-12.08,17.163221,4.353802490157976,-6.7154293,0.5526075,0.78742045,Safe
90000000,0.016422033,1.3306912,-11.83,15.813285,4.359034630741636,-6.6537085,0.6436973,0.8102097,Safe
473317099,5.1253915e-05,475.65714,36.26,10750.313,5.07188649649441,-7.2865047,237.27495,205.50241,Jamming
788474949,4.6594498e-05,308.4811,35.18,5667.261,4.840974784161229,-7.583129,148.82245,181.55219,Jamming
90000000,0.010202093,1.3354766,-11.66,-22.73768,4.312213665165901,-6.6953554,0.65067184,0.82568187,Safe
100000000,0.03212189,1.263334,-12.02,-16.64489,4.378130757596996,-6.652509,0.5767947,0.7925236,Safe
140000000,0.0031797034,1.3747234,-11.79,-0.18267089,4.281090373095512,-6.7018538,0.6602253,0.81402296,Safe
90000000,0.039114602,1.2538607,-12.05,16.845308,4.322678047976137,-6.6289783,0.53867424,0.78931636,Safe
435835209,0.054935742,1744.0321,37.22,-58.211544,3.829683749227945,-8.110623,871.7736,229.71165,Jamming
140000000,0.011183858,1.3364453,-12.14,-11.163189,4.336541580026554,-6.7461767,0.63620245,0.78155065,Safe
100000000,0.021303073,1.3603772,-11.87,9.123712,4.359035491172162,-6.674815,0.6550079,0.80592513,Safe
1920066209,0.770851,361.82874,35.3,1456.592,5.11408022078294,-7.5752993,179.76071,184.16193,Jamming
1221182794,0.023832414,1048.1637,40.43,-84.69826,4.988685062667493,-7.054637,522.80707,332.16412,Jamming
968579957,9.318939e-06,681.26294,35.17,-4.2954087,4.909065778895055,-7.6998158,340.35855,181.3948,Jamming
120000000,0.02234929,1.3728482,-12.02,-2.263626,4.312213541289209,-6.795779,0.64223546,0.7927255,Safe
140000000,0.016560258,1.3170023,-12.02,5.4804955,4.2931182558396,-6.685942,0.6132315,0.792862,Safe
682680472,0.00010975512,1125.7598,40.96,99.60791,4.981988350858996,-7.0436535,560.8497,353.21255,Jamming
100000000,0.07278275,1.3116113,-11.75,11.6842785,4.348570654841067,-6.6755633,0.54996717,0.81731075,Safe
1725113908,0.00015168914,797.90204,38.78,3614.3975,5.031593062056247,-7.1523657,397.8664,274.84027,Jamming
140000000,0.03562222,1.3339677,-11.56,12.45864,4.350404679753778,-6.6577272,0.6109089,0.8356738,Safe
1541227682,7.662179e-05,913.18695,38.32,118.95786,4.897698036099026,-7.234065,455.2477,260.62302,Jamming
1189416594,2.3004103,401.6969,35.2,4291.016,5.192183239356631,-7.7808933,200.28586,181.89622,Jamming
1134196662,0.009505272,2797.8264,46.36,-68.65781,4.700217195966078,-7.293024,1397.5885,657.58435,Jamming
699689323,2.3297309e-05,916.25104,39.94,3949.5493,5.04805043057881,-7.093458,456.76483,314.17587,Jamming
1011117304,0.014694909,2122.228,44.33,129.75005,4.743494306663761,-7.272042,1059.0991,520.6644,Jamming
70000000,0.0042328807,1.344796,-11.56,-7.3518977,4.32607657244446,-6.7170067,0.57850444,0.83570886,Safe
746354316,0.0003354692,811.4974,38.84,3691.0342,5.02577232601111,-7.150388,404.49286,276.54172,Jamming
90000000,0.0038030539,1.3717848,-12.1,6.9721937,4.221969274918294,-6.7647266,0.6305678,0.7848673,Safe
1246729940,0.051361416,570.4765,36.43,170.10875,5.117715735872353,-7.142236,284.37076,209.57732,Jamming
1039200246,0.00016514934,909.594,37.09,-36.533638,4.78476461070184,-7.349045,454.43524,226.26546,Jamming
1444629121,5.7984184e-05,363.3168,35.59,1354.6005,5.0148198795109735,-7.3799934,178.088,190.24002,Jamming
140000000,0.090656586,1.3298392,-11.7,3.9321547,4.274022895076697,-6.6897473,0.64563036,0.822229,Safe
90000000,0.0455674,1.3851728,-11.29,8.010028,4.350405285020866,-6.65782,0.6538782,0.8620769,Safe
1951282676,0.058688454,1747.8013,37.69,-2.9873781,3.946635923835923,-8.011665,873.13715,242.29988,Jamming
1708753492,0.05603062,404.30295,35.09,790.44446,5.281648078888271,-7.2881513,201.28748,179.61049,Jamming
90000000,0.005324585,1.3387692,-12.0,6.779672,4.173584020645171,-6.7218823,0.63589233,0.7942212,Safe
533904616,0.00013253414,1016.01483,40.28,954.25854,4.987659385270497,-7.135254,506.21268,326.45676,Jamming
1272355154,0.0004897349,1880.6354,46.24,-156.08578,5.067798271432884,-6.9438324,937.92206,648.9278,Jamming
160000000,0.07059656,1.358728,-11.56,-1.594572,4.261994973075484,-6.7268744,0.6198827,0.8357567,Safe
1168213129,0.2666916,636.72186,37.49,5299.2803,5.115077598077505,-7.19307,317.25922,236.86043,Jamming
536440262,8.490515e-05,559.0615,36.33,6002.969,4.933290969644459,-7.3988385,278.65015,207.17644,Jamming
603016337,0.00013615807,1789.6193,45.23,-21.023403,5.007234776104623,-7.0051355,893.25446,577.42694,Jamming
160000000,0.042611875,1.2986408,-11.95,-4.5093684,4.315611592743446,-6.704286,0.62967783,0.7986025,Safe
886825866,0.00016877324,1029.9539,41.0,1041.6938,5.053133268160581,-7.0460463,514.08374,354.8782,Jamming
769433830,0.19242488,475.32202,35.3,-165.93135,5.114664006788742,-7.497994,235.65826,184.05035,Jamming
1252595511,0.08471781,1454.5782,38.45,110.58809,4.35761077708901,-7.729339,726.7461,264.60175,Jamming
70000000,0.026388587,1.3017694,-12.18,1.7073834,4.355637164434947,-6.6438537,0.629642,0.7781523,Safe
1827988090,7.71395e-05,322.42487,35.24,5008.728,4.856856455006239,-7.5529165,157.94394,182.83246,Jamming
1909889250,3.002762e-05,700.5213,38.39,5899.2075,5.114978942787134,-7.1084576,348.47678,262.6272,Jamming
1335564092,0.09263962,2126.4648,46.65,474.1994,4.99361412238074,-7.0247126,1062.1237,680.2477,Jamming
1768460498,0.00025936967,2080.2893,46.2,-132.26729,4.96516191905071,-7.0349994,1037.9738,645.6344,Jamming
1691967073,4.8147635e-05,1657.8853,44.93,1405.7203,5.044998684864617,-6.993744,825.7012,558.0174,Jamming
1825016055,0.02242861,2128.0127,42.02,-52.782043,4.461644180384308,-7.541892,1063.2335,398.98898,Jamming
1320461497,0.23155214,1904.4485,45.9,274.7655,5.019540851762471,-7.010556,952.0839,623.46735,Jamming
1169793627,0.14163412,1277.1215,36.84,-167.35126,4.146716597998329,-7.9453015,638.1266,219.783,Jamming
1356492829,0.06969437,503.75464,35.5,-807.5952,5.130829031478731,-7.265926,251.02156,188.27335,Jamming
70000000,0.11727475,1.3169969,-11.61,-13.713423,4.275857216410952,-6.6706157,0.6312788,0.83061713,Safe
1666638142,0.35440773,538.87024,36.29,5396.0684,5.007850801337167,-7.3776293,268.33932,206.35,Jamming
100000000,0.011699699,1.3395654,-11.63,5.2527514,4.265392195347037,-6.7110157,0.63337487,0.8291661,Safe
682149934,0.27434355,469.58716,35.41,78.45436,5.146664728765956,-7.427862,234.52257,186.4037,Jamming
810709720,0.09553091,636.1715,36.85,-430.0184,5.060792034189701,-7.1936607,317.10455,220.10178,Jamming
815436304,7.144469e-05,771.9599,36.32,140.55263,4.871952763146467,-7.3473806,385.77454,207.04097,Jamming
964727711,0.14211065,1371.8905,35.1,-21.948038,3.0120185449867485,-8.917783,685.783,179.9646,Jamming
1077528256,0.30432874,413.70605,35.15,-146.3826,5.25646345366401,-7.5661097,206.21637,180.84753,Jamming
100000000,0.029014226,1.3947226,-11.39,1.8072058,4.287885751933015,-6.682333,0.6654325,0.85186696,Safe
897417792,0.037449863,2044.7078,39.56,-190.52159,4.132362145567805,-7.839776,1021.2927,300.73105,Jamming
90000000,0.17670894,1.2668455,-12.0,14.865924,4.364266483704023,-6.717237,0.5812057,0.7944296,Safe
120000000,0.015944924,1.2804207,-11.78,-4.221159,4.306981965031612,-6.647418,0.59813887,0.8150747,Safe
1177476920,0.1482032,551.2246,36.53,10198.033,5.01993915749668,-7.3161116,275.16992,212.12056,Jamming
140000000,0.01084716,1.3735439,-11.77,6.818876,4.209940533645808,-6.729329,0.60989237,0.8159429,Safe
599062149,3.1982698,384.22357,35.12,742.56287,5.289973979341558,-7.869093,191.6011,180.29439,Jamming
100000000,0.07030468,1.3212306,-11.82,8.296644,4.336541435985801,-6.678761,0.5981177,0.8105147,Safe
90000000,0.025999028,1.3865658,-11.81,3.7279947,4.391993363146876,-6.6571965,0.64986813,0.8117045,Safe
1761789930,0.04626256,1046.3015,40.61,2901.3552,5.000270856945507,-7.1163054,522.0858,339.21902,Jamming
831300781,6.419673e-05,657.96826,37.3,2136.3975,5.005786220723912,-7.262979,327.86493,231.77391,Jamming
504578798,0.0002428036,1819.0079,44.42,-109.719246,4.896828173962632,-7.0893917,908.7891,525.7679,Jamming
140000000,0.052095544,1.3620001,-11.56,2.8417704,4.37289826288993,-6.615491,0.6016776,0.83599913,Safe
160000000,0.01794637,1.366298,-11.77,17.9747,4.314048143917381,-6.698431,0.6463869,0.8153268,Safe
1918154164,4.659472e-06,2109.1184,45.61,63.997383,4.891039539131137,-7.0990334,1049.2013,603.12463,Jamming
100000000,0.02486361,1.3686072,-11.71,-10.597381,4.367665833942946,-6.6030254,0.5623202,0.8213035,Safe
140000000,0.04318448,1.3701013,-12.37,10.401842,4.405855884556214,-6.7445555,0.6418732,0.7609183,Safe
160000000,0.049201272,1.3277334,-11.28,3.9024758,4.253364399003496,-6.6638737,0.5829122,0.8625746,Safe
120000000,0.02906411,1.3737353,-12.45,1.5028372,4.30018592064136,-6.7961073,0.6432131,0.75421906,Safe
756974295,0.00022830823,718.00305,35.11,10.801577,4.847652439795108,-8.038966,358.59998,180.04462,Jamming
70000000,0.0073976004,1.3203899,-11.79,-1.0290136,4.325384743863835,-6.6990886,0.61103016,0.8139177,Safe
1056327842,0.22392175,447.56665,35.62,11231.531,4.993136683995408,-7.5026627,222.62076,190.97496,Jamming
100000000,0.0093874885,1.3402144,-11.65,15.315588,4.322678471786739,-6.790586,0.6019455,0.82690996,Safe
120000000,0.103871316,1.2568799,-12.02,-12.383122,4.3260762447730325,-6.6640224,0.5361711,0.7925861,Safe
612552569,0.11579093,818.10974,39.2,4996.17,5.070060968267452,-7.10549,406.85977,288.48996,Jamming
1773951294,0.03487657,1867.1628,39.22,6.5014133,4.164405261598362,-7.804658,933.4634,289.11508,Jamming
160000000,0.022687158,1.335014,-11.96,-1.0262084,4.428349923439318,-6.7191405,0.6233871,0.79812,Safe
1647230274,0.00012632168,1810.978,45.09,-54.95121,4.976080557002954,-7.0197024,904.28876,568.26337,Jamming
70000000,0.09395757,1.3926159,-12.18,-8.536104,4.331309517545108,-6.7647223,0.65896636,0.7782114,Safe
840885250,0.529033,1542.8243,42.25,210.21638,4.804450708065724,-7.2405496,770.82764,409.58984,Jamming
1173714837,0.09919054,339.66843,35.23,1723.2285,4.870379198397629,-7.583931,165.6423,182.6454,Jamming
1757366234,4.0899635e-05,794.5091,39.15,2217.8186,5.095172743274883,-7.0904894,396.08063,286.73996,Jamming
70000000,0.025458636,1.2989658,-11.41,0.23178825,4.312214894276311,-6.647904,0.6143581,0.8498632,Safe
70000000,0.003863574,1.3083875,-11.83,2.1609037,4.386760669641467,-6.598358,0.5634548,0.8096437,Safe
70000000,0.021911466,1.34746,-11.53,19.144594,4.30358346141057,-6.732401,0.6324097,0.8386467,Safe
1957331862,0.31035662,376.11234,35.4,8200.386,5.068245390701796,-7.515221,184.0058,186.17815,Jamming
90000000,0.05365139,1.3765554,-11.12,-4.0553975,4.378130879428063,-6.5917296,0.63050115,0.8795092,Safe
1422455165,0.00012321546,1587.5641,44.34,1693.5339,5.021656011587167,-7.021533,791.5342,521.06555,Jamming
1743421478,3.468706e-05,331.37332,35.15,9618.688,4.709123937031549,-7.6809464,162.84074,180.83452,Jamming
70000000,0.033571884,1.3287964,-11.36,-18.803028,4.275857596973093,-6.5864177,0.6431338,0.8552339,Safe
657855124,0.062002607,1833.556,35.85,34.144695,3.2684613107158658,-8.59071,916.4492,196.12897,Jamming
100000000,0.008900307,1.2692305,-11.59,6.6516905,4.284488466581363,-6.613598,0.58144766,0.8323647,Safe
844516936,4.0381925e-05,456.2427,35.82,11654.322,4.952657934348909,-7.4211187,225.29314,195.5347,Jamming
1545710205,1.1789454,593.46094,36.48,2985.1357,5.084940601135247,-7.3884797,296.09058,210.96608,Jamming
679562347,0.16078976,535.042,36.32,8096.8667,5.026035108455144,-7.365304,266.49387,206.9083,Jamming
1058928135,0.09555574,1708.0406,35.43,-28.403044,3.0838871275745605,-8.787908,853.9191,186.77908,Jamming
974815833,0.00019103425,796.368,36.99,187.64192,4.906938324530498,-7.24723,397.40503,223.70192,Jamming
1102207653,8.283431e-05,810.44336,37.12,-151.1592,4.899362491919899,-7.3299847,404.68295,226.99033,Jamming
547556734,0.00017395023,919.75354,38.24,-104.57556,4.89391918184594,-7.2681866,458.83817,258.31448,Jamming
100000000,0.0907149,1.3365626,-11.75,-0.1994561,4.303584530884162,-6.7166286,0.62900203,0.81748396,Safe
90000000,0.03487914,1.3761923,-11.43,-4.043159,4.29834989362455,-6.7143598,0.6178113,0.84812814,Safe
140000000,0.0019756854,1.3623983,-11.91,-26.038904,4.317447067666149,-6.6642237,0.66035056,0.80252665,Safe
120000000,0.088010125,1.3885491,-11.19,-2.115667,4.364267349214421,-6.6136003,0.6448873,0.87235415,Safe
90000000,0.04804579,1.3698448,-11.39,12.846768,4.350404549180559,-6.614334,0.6327652,0.8518673,Safe
1383799569,1.2246125,380.76373,35.15,592.19586,5.243412284587194,-7.7973194,189.45425,180.92491,Jamming
140000000,0.0115313735,1.3575666,-11.92,-0.37610954,4.265393376841836,-6.707129,0.6344031,0.80138856,Safe
1874411808,0.014067442,1245.9762,42.15,126.46401,5.009403392778701,-7.009493,622.73663,405.07867,Jamming
70000000,0.13880144,1.2960248,-11.85,-2.2100391,4.339940584375238,-6.685103,0.6223418,0.8082031,Safe
120000000,0.019144421,1.3889358,-11.39,-16.957094,4.336541082983981,-6.598766,0.6295823,0.8523167,Safe
1917443755,2.7515912,546.9086,35.84,530.8715,5.11574967568688,-7.5721874,272.21,195.8607,Jamming
1901283848,0.00017291482,601.7949,37.27,8510.53,5.086531248982892,-7.196087,300.7097,230.94736,Jamming
160000000,0.046294317,1.3110471,-11.82,-1.1358888,4.306981542004227,-6.6136236,0.6349143,0.8105264,Safe
582687434,0.09778355,419.94223,35.1,-147.96338,5.264574461146162,-7.614237,209.5594,179.96089,Jamming
1351953663,0.4850942,391.7119,35.53,4092.544,5.090702259994351,-7.4748387,195.04207,188.91406,Jamming
460798831,0.060806617,1750.2487,36.42,-163.9204,3.550828748709108,-8.35614,874.30774,209.40187,Jamming
727549145,0.8963102,559.03644,36.13,2831.806,5.0604719683547215,-7.477381,278.6092,202.6411,Jamming
140000000,0.042877425,1.3699175,-11.54,-4.019955,4.248131813351481,-6.6935387,0.61515975,0.8373796,Safe
669437637,0.0002081182,923.34686,40.16,2949.4844,5.064653728290165,-7.068304,459.71002,322.07904,Jamming
140000000,0.06303192,1.362899,-11.6,15.8926735,4.251529391622505,-6.6737003,0.61038095,0.83219814,Safe
565600836,3.4169345e-05,1045.2737,39.67,-24.486906,4.91276270601418,-7.1244526,520.7618,304.4571,Jamming
922917191,0.005421796,1429.2653,43.78,17.022926,5.060040639814437,-6.9454575,713.36224,488.65646,Jamming
708093045,0.08709988,764.32776,38.55,-78.32869,5.070568882490845,-7.0485854,381.1581,267.76193,Jamming
70000000,0.006254204,1.3513032,-11.77,-15.239861,4.345172014007398,-6.643756,0.6509358,0.8156099,Safe
1153787548,0.07440041,436.19788,35.54,51.327988,5.182750595772268,-7.19293,217.56577,189.31699,Jamming
1842228578,0.021614749,2188.3928,43.38,73.49263,4.607472931370299,-7.408942,1091.4731,466.7707,Jamming
695242290,0.00029664306,1044.1748,40.24,2965.1697,4.959228477692937,-7.151493,521.35394,325.0805,Jamming
1130086221,0.054806914,697.0498,37.28,-86.54727,5.025710194289307,-7.1366816,347.15158,231.24788,Jamming
748221212,0.0005663481,721.2295,35.52,-184.00562,4.873309282609465,-7.473384,360.21783,188.87022,Jamming
1209200474,3.6240342e-06,534.0066,35.53,4001.3608,4.641302332236729,-7.7201123,265.62064,189.07915,Jamming
160000000,0.009922138,1.3287622,-12.01,-1.1164302,4.336542163788272,-6.712766,0.62807345,0.7931152,Safe
1436473778,0.04683161,1095.1006,40.92,1293.2555,4.98874924575454,-7.11575,545.7315,351.53174,Jamming
791284895,0.14540984,2011.3085,45.95,362.29666,4.975975142772974,-7.0489826,1002.5501,627.2122,Jamming
120000000,0.002670093,1.3466,-11.83,11.42292,4.424951956614626,-6.6730604,0.6182786,0.81015205,Safe
1924040456,0.06457059,1845.5436,37.82,-302.98682,3.9360623650243487,-8.037794,922.1512,246.13712,Jamming
1266275052,0.116357,1481.6167,36.47,61.19728,3.8299530687319066,-8.183699,740.24603,210.6114,Jamming
1551964978,0.00038309544,726.1783,37.14,-66.705284,5.014491600401629,-7.2606955,362.56583,227.62486,Jamming
1945961093,0.017591633,1996.7042,46.87,-78.77305,5.0840973658091055,-6.926757,996.9199,697.54767,Jamming
90000000,0.035549305,1.3405356,-12.08,0.36884046,4.3313094038667455,-6.7077546,0.5967794,0.78738195,Safe
1033924441,0.09459336,1757.7499,45.04,720.7786,5.0041930917302135,-7.032343,875.01227,564.9526,Jamming
1371851462,0.024791542,2064.9666,40.01,164.52954,4.191334802109953,-7.773648,1031.9402,316.41986,Jamming
1580937162,3.3651628e-05,298.14832,35.15,5297.4937,4.837472117830059,-7.5791245,147.38846,180.86328,Jamming
120000000,0.05357775,1.2055517,-12.36,-3.4491348,4.32084418449647,-6.698831,0.5387327,0.76171416,Safe
625347059,0.031767793,790.9917,38.24,-45.07042,5.003779751595372,-7.043853,393.75403,258.30048,Jamming
1832435082,0.00024435666,1199.9882,41.93,-4.9726343,5.02347105480255,-7.025092,598.457,394.86963,Jamming
1046731914,0.3854155,872.2516,39.54,423.48288,5.053250360338961,-7.1060696,435.57648,299.77277,Jamming
1477157271,0.00015272453,1840.5837,45.28,169.46062,4.98442262574979,-7.0200586,919.09,580.762,Jamming
1751021022,0.00018741036,1146.049,41.3,12.339984,5.002664568256145,-7.080467,571.7672,367.24286,Jamming
1549718336,0.041084886,2054.337,38.74,69.329834,3.9948626778525407,-7.9561834,1026.6172,273.57346,Jamming
704239510,8.283431e-05,1295.5881,40.45,83.99123,4.783253706459415,-7.2152877,646.7393,332.85733,Jamming
588351655,0.04483421,848.9235,38.65,-80.33998,4.9887435248940895,-7.1125116,424.3974,270.8206,Jamming
100000000,0.007740251,1.3778197,-11.7,16.51421,4.212647148637116,-6.6596894,0.65120435,0.8224704,Safe
646661719,0.031703036,815.73364,38.89,5069.9146,5.024897627265747,-7.151227,407.10376,278.19745,Jamming
90000000,0.08351892,1.2714053,-12.39,-5.058778,4.381528324662442,-6.7148747,0.5964588,0.7591951,Safe
90000000,0.007898905,1.3551127,-11.63,-0.44291452,4.372897959904845,-6.6817513,0.62292767,0.8289439,Safe
1336632548,0.09051665,1690.7031,35.61,-106.3248,3.238067746820412,-8.656767,845.0826,190.74873,Jamming
100000000,0.043323394,1.341747,-11.65,6.937415,4.367665933791347,-6.7228174,0.5781696,0.8273224,Safe
717000538,0.02870771,2039.2561,39.33,-8.456367,4.091800116808599,-7.864067,1018.50146,292.8332,Jamming
586590606,0.07806466,1605.004,37.23,104.76684,3.949598492007168,-8.044922,801.7359,229.9822,Jamming
1026079626,7.765783e-06,1307.7283,41.32,3038.9426,4.853110062398817,-7.2170444,653.57855,368.06998,Jamming
100000000,0.0069825603,1.3858448,-11.69,-5.154129,4.312214204905105,-6.7253566,0.64363736,0.82314867,Safe
70000000,0.022098962,1.2688248,-11.82,-13.101571,4.32267913912256,-6.6215587,0.6121913,0.8110368,Safe
70000000,0.0036313185,1.3659492,-11.7,-0.92918444,4.359034646898588,-6.7066746,0.598524,0.82270557,Safe
1423670531,1.0154061,1037.9889,40.87,253.957,5.03905373570926,-7.077078,518.1008,349.45892,Jamming
120000000,0.035267897,1.2768215,-11.74,12.629189,4.281090031779009,-6.5892863,0.5459163,0.81864405,Safe
1527212886,0.018704213,1453.2318,43.83,1409.4733,5.046867082698391,-6.9993587,726.5171,491.26108,Jamming
140000000,0.06161317,1.3399227,-11.66,17.557577,4.383362706345209,-6.764197,0.61492795,0.8256421,Safe
784639858,0.00022157823,1336.5751,42.25,36.48864,4.954695951798605,-7.079692,666.23413,409.60422,Jamming
1996700387,8.80122e-06,885.58527,39.16,5355.728,4.977648170447121,-7.1884985,442.50284,287.2271,Jamming
1971825380,0.000108202,1644.8303,44.61,1386.8115,5.014037606572746,-7.0235476,819.5821,537.7531,Jamming
1572981657,0.016292576,2147.3115,43.58,-38.66834,4.644770958407698,-7.3672237,1069.2029,477.69205,Jamming
603214575,7.4550946e-05,457.61157,36.0,730.8102,5.016492662370685,-7.349885,226.72887,199.51544,Jamming
1834725261,0.00025885197,621.2708,37.7,7574.024,5.12437994659,-7.124965,310.17862,242.5604,Jamming
70000000,0.044937722,1.3204142,-12.61,-14.145539,4.364267780584598,-6.7218904,0.6184189,0.74084103,Safe
90000000,0.0901465,1.3367995,-11.89,7.7099433,4.270625323034659,-6.7244444,0.6447645,0.80455625,Safe
1008478198,0.0951156,1637.5248,35.44,-73.37317,3.134705868459884,-8.734987,818.4479,186.96358,Jamming
70000000,0.012954707,1.3494805,-12.12,16.171494,4.298351559088107,-6.6684513,0.6451535,0.7829877,Safe
501779311,7.144469e-05,405.96494,35.63,5260.796,4.9469450740012775,-7.4479465,200.8072,191.11612,Jamming
1788667808,0.108511195,1562.427,35.31,-112.28846,3.1091928142132645,-8.792441,780.94354,184.26419,Jamming
965814209,0.009508372,2538.5461,45.0,68.08899,4.641123113595515,-7.3541794,1268.1083,562.034,Jamming
888023130,3.1063053e-05,492.93384,36.34,583.7508,5.054009823496543,-7.2894754,245.68939,207.46133,Jamming
1615972771,5.1771633e-05,801.4136,38.25,6378.397,4.956699011800786,-7.2482386,400.24524,258.6235,Jamming
1652244504,2.9509903e-05,527.2534,36.73,3439.2249,5.094536179523843,-7.222757,262.9558,217.12718,Jamming
1232830009,0.08339298,1654.3138,36.42,-0.6273865,3.663036392827964,-8.282061,826.69,209.51942,Jamming
570341180,0.00021018897,945.08014,40.46,737.8309,5.082645986855731,-7.0476284,470.7053,333.61002,Jamming
160000000,0.04151566,1.3244596,-11.89,7.3912683,4.281089978131728,-6.7072296,0.6255046,0.804277,Safe
100000000,0.09361356,1.3425955,-11.58,1.8548291,4.201310281984387,-6.636218,0.6176187,0.83358425,Safe
1758284403,0.26591837,1275.7883,42.35,453.46597,5.008013396210332,-7.062601,635.6416,414.44373,Jamming
70000000,0.051636662,1.3363547,-12.04,-6.5343695,4.281089566293503,-6.7048683,0.6345817,0.79038054,Safe
1091536864,0.12564394,1074.0143,40.36,3333.4854,4.946677485545608,-7.1687703,536.0578,329.5403,Jamming
70000000,0.053065836,1.3469363,-11.58,2.0974624,4.350404830844435,-6.604557,0.5981281,0.83360004,Safe
1321732965,0.1007109,1656.9838,35.11,-62.17546,2.737068820000989,-9.073539,828.43494,179.99101,Jamming
1193239526,0.07223592,1664.0647,35.15,-69.802,2.7182195747972018,-9.038591,831.8909,180.87262,Jamming
1918087016,0.10148731,461.09482,35.14,-891.9084,5.187538465635758,-7.40456,230.24776,180.72292,Jamming
100000000,0.0891809,1.3393489,-11.53,1.991306,4.236975821030464,-6.6880617,0.65525115,0.8387693,Safe
90000000,0.09721556,1.314437,-11.66,4.507706,4.345171988475267,-6.6268535,0.65368456,0.8259956,Safe
983450159,0.00015375993,566.64294,36.74,2520.4546,5.028647917351881,-7.2788057,282.47577,217.15613,Jamming
160000000,0.001226304,1.3726496,-11.85,0.22743271,4.253363674112545,-6.7648735,0.6327107,0.80774957,Safe
120000000,0.010997955,1.3297426,-11.64,3.115985,4.345172329457743,-6.783587,0.5971676,0.827794,Safe
90000000,0.23688233,1.4075798,-11.8,-9.238393,4.30881528233296,-6.7048798,0.65703857,0.81306404,Safe
100000000,0.03696171,1.2565488,-12.06,-6.5008674,4.367666143732719,-6.6544623,0.5955689,0.7884654,Safe
526951231,0.07653025,377.71185,35.11,-764.35913,5.254449095549335,-7.2932734,187.58607,180.03557,Jamming
451594204,0.042644683,2021.6742,37.23,-9.737294,3.641413395247793,-8.257217,1009.99884,229.88226,Jamming
70000000,0.037013557,1.317974,-12.07,1.5220537,4.350405037586199,-6.672989,0.63088787,0.78768003,Safe
1971250809,0.099414706,1420.2518,35.78,91.52973,3.5158643285590223,-8.422211,709.65027,194.45512,Jamming
160000000,0.018207762,1.3556613,-12.16,-10.956178,4.36950027073995,-6.6768556,0.6203749,0.7798817,Safe
120000000,0.16499346,1.3179725,-11.93,0.53587115,4.279255238906757,-6.6976776,0.6295645,0.80111873,Safe
70000000,0.0011124365,1.3793036,-11.72,5.6215878,4.246296806218662,-6.71046,0.63654256,0.8207486,Safe
100000000,0.045435224,1.3784851,-11.55,-13.216582,4.308816484754895,-6.6919084,0.64486575,0.83622605,Safe
120000000,0.038242284,1.3781788,-11.65,-6.56119,4.336541635612003,-6.6364512,0.6572423,0.82679975,Safe
770221799,0.45635277,492.94922,36.04,3652.7861,5.134387815026551,-7.392273,245.69664,200.47316,Jamming
140000000,0.037650034,1.3800075,-11.49,-2.8122816,4.28788615550333,-6.584738,0.6584852,0.8422265,Safe
1740455787,0.5240516,499.23886,36.43,2151.299,5.08340882648813,-7.272291,248.66563,209.77217,Jamming
1041350931,0.007395534,1295.0846,42.23,95.77388,4.979823966538185,-7.025592,645.5573,408.7973,Jamming
100000000,0.024197454,1.3319508,-11.86,1.4460213,4.314919800251942,-6.655346,0.6313461,0.8069417,Safe
160000000,0.053057145,1.3842522,-11.91,1.0206538,4.27402273602288,-6.715228,0.6592278,0.802421,Safe
604860429,0.00016618475,831.1577,37.61,5.1242805,4.923549925534463,-7.2109404,414.79102,240.21681,Jamming
968930700,0.37396306,408.42545,35.48,3327.259,5.161971545024281,-7.5351877,203.16136,187.82939,Jamming
70000000,0.06490213,1.301408,-11.68,2.4480498,4.303582754970378,-6.7314177,0.5949754,0.82407576,Safe
1347953656,9.836657e-06,699.01483,35.32,236.84383,4.887158241958162,-7.5350227,348.94382,184.4874,Jamming
70000000,0.07181888,1.3559451,-12.09,-2.7233953,4.289721023877753,-6.7229586,0.6494485,0.78635055,Safe
548438790,7.3515526e-05,412.8701,35.54,11649.715,4.874764976377152,-7.5083723,203.89734,189.24059,Jamming
968007155,0.09729758,1670.5797,35.14,115.0056,2.7640356803701995,-9.046445,835.086,180.79688,Jamming
140000000,0.031192653,1.292218,-11.75,-11.586658,4.275857766221392,-6.6699452,0.53413,0.8176788,Safe
1047858947,0.045165215,466.00797,35.26,-211.15123,5.178587108213582,-7.3225856,232.51021,183.15846,Jamming
100000000,0.029440021,1.3465824,-11.49,-11.408326,4.265391930309177,-6.5861177,0.62030184,0.84261763,Safe
562894001,0.00023400286,1456.9062,43.04,286.0653,4.953156632438578,-7.0941978,726.5081,448.69818,Jamming
100000000,0.026680347,1.3423688,-11.66,-8.822168,4.331309345409594,-6.732372,0.6382287,0.8255855,Safe
1818567260,0.00025988734,764.6549,38.88,55.931744,5.088468331588681,-7.0994625,380.99176,278.10028,Jamming
70000000,0.0033033462,1.2905632,-11.76,5.84181,4.185613029575694,-6.7347994,0.5844399,0.81654304,Safe
100000000,0.2549174,1.318328,-11.75,-19.337788,4.3226785730682415,-6.7864943,0.6181198,0.8173137,Safe
100000000,0.04022784,1.2746366,-11.67,0.25681567,4.369500399423334,-6.598607,0.59295714,0.8247341,Safe
160000000,0.036852367,1.3592331,-11.91,4.1020293,4.3306173178256,-6.708106,0.6270289,0.80290884,Safe
1235036006,0.0004022493,1001.0309,37.06,-31.155807,4.685359344494466,-7.499161,500.13782,225.41545,Jamming
140000000,0.008641969,1.3649436,-11.93,3.6417987,4.3226791324863605,-6.742307,0.61988324,0.8010379,Safe
100000000,0.049969036,1.3542234,-11.52,38.75047,4.28265386855756,-6.674981,0.65184814,0.83920634,Safe
1520598781,0.067140624,1622.0396,38.16,-5.7008147,4.155994381288346,-7.8573704,809.9942,255.9335,Jamming
70000000,0.11774387,1.3286802,-11.69,-5.270981,4.275857847668091,-6.5955153,0.5797593,0.8232506,Safe
492963231,0.00021795438,1064.0195,39.14,198.10258,4.8353060519836,-7.199887,531.335,286.38232,Jamming
70000000,0.028819826,1.372402,-11.79,17.041592,4.265392995206032,-6.6268897,0.65836245,0.8141966,Safe
1352938722,2.1226442e-05,1774.9884,44.56,-121.820915,4.935572391514627,-7.0561256,883.09674,534.37384,Jamming
120000000,0.09347574,1.3940685,-11.37,4.5121894,4.391993469095713,-6.656365,0.6498194,0.8537149,Safe
1390528053,0.07415713,1776.9128,35.36,-19.454952,2.9659979702533223,-8.860058,888.18024,185.3789,Jamming
140000000,0.038791865,1.2735596,-11.72,12.469166,4.326077054727704,-6.576501,0.61587334,0.82013327,Safe
453854778,0.00012166235,802.0264,35.13,-198.68086,4.742830857671042,-7.7647114,400.7035,180.54543,Jamming
120000000,0.031937394,1.350163,-12.12,-12.411283,4.237666641118102,-6.830403,0.6107087,0.783876,Safe
505838435,0.04422134,361.97305,35.39,1913.627,4.943245467997553,-7.481575,178.87201,186.02884,Jamming
100000000,0.0021361026,1.3187824,-11.98,-1.444174,4.312214125288337,-6.621105,0.58111435,0.7957552,Safe
1319129474,4.4523636e-05,1081.8707,40.39,836.08026,4.940630472534893,-7.177682,540.3861,330.70523,Jamming
1032460246,0.017073397,2054.4617,42.99,200.4362,4.611565367306875,-7.3929195,1026.6732,446.19208,Jamming
476106270,0.033977203,1619.0828,43.84,127.82566,4.943822730226986,-7.060115,806.90594,491.89413,Jamming
70000000,0.018652663,1.3856597,-11.94,-0.6419757,4.303583549446899,-6.744818,0.6159889,0.8001036,Safe
1651818619,0.21711516,2239.8076,46.95,120.21032,4.972126882246111,-7.035781,1118.0558,704.19916,Jamming
1093670347,0.005192209,2065.396,46.0,196.80688,4.955078049814121,-7.0699453,1030.6896,631.14996,Jamming
100000000,0.036730193,1.3423989,-11.46,0.37094262,4.334706597940809,-6.6277103,0.55216324,0.8452784,Safe
1142792996,0.03468192,2340.1938,36.79,-63.792828,3.358007698747377,-8.475073,1169.927,218.50345,Jamming
772496774,0.00014961832,618.3125,37.52,7179.5483,5.092239859947282,-7.1716537,308.61798,237.66913,Jamming
457171836,0.0045675067,3018.3032,46.84,-69.467255,4.676100081684369,-7.310257,1506.8805,695.2107,Jamming
90000000,0.10886262,1.2903105,-11.59,5.484866,4.331308905882496,-6.7596526,0.5933151,0.8324832,Safe
140000000,0.04049764,1.384357,-11.61,-4.339397,4.300185684806461,-6.6518292,0.5998986,0.83119655,Safe
731219538,9.5777024e-05,577.1862,36.94,3006.364,5.060143793447501,-7.234064,287.62692,222.37584,Jamming
100000000,0.07017274,1.2873138,-11.82,0.21310821,4.386761022448378,-6.6739483,0.555508,0.8106471,Safe
140000000,0.002722868,1.2765328,-12.06,-3.0869355,4.26722682623189,-6.7314696,0.62910056,0.7886069,Safe
140000000,0.023996145,1.321489,-11.54,-8.599044,4.331309696424039,-6.588734,0.64829296,0.83735406,Safe
514120075,0.14659776,832.35443,37.84,45.345734,4.9167320022062295,-7.245018,415.43274,246.53658,Jamming
160000000,0.024906851,1.286962,-11.78,18.823149,4.322679314856021,-6.584302,0.61256987,0.8142582,Safe
911262781,0.06568038,491.7978,35.21,-330.70273,5.106494199576631,-7.4080067,245.45163,182.1602,Jamming
1055144075,2.6921325e-05,299.329,35.11,9484.178,4.721706945180947,-7.664817,147.25726,180.07928,Jamming
742713389,3.2098484e-05,897.25885,38.25,121.01428,4.914686420085378,-7.217188,448.1894,258.52316,Jamming
90000000,0.022577971,1.4102249,-11.76,-12.244546,4.397226004672024,-6.7050495,0.6819009,0.81665516,Safe
90000000,0.011539634,1.32568,-11.59,14.653438,4.283505891590643,-6.628804,0.63649553,0.83258104,Safe
1386821539,3.6240342e-06,1230.8152,39.91,38.8269,4.770211828283111,-7.2471633,614.78864,312.83145,Jamming
90000000,0.06409568,1.3616884,-11.75,-13.348442,4.3313090621503125,-6.6725907,0.6461085,0.8178686,Safe
1024191568,0.00056427746,1221.998,41.54,236.13766,4.965712226029825,-7.0636697,609.53015,377.59195,Jamming
936796452,0.00032459793,1876.4923,45.76,125.85316,5.018815259320591,-6.984539,937.0265,613.4618,Jamming
819117854,0.023699572,2168.8315,42.26,268.3233,4.468528096805635,-7.526037,1083.7382,410.2666,Jamming
1884021179,0.12945569,1425.8434,35.4,131.02065,3.303951410799172,-8.650002,712.4802,186.25801,Jamming
438932549,0.00022779056,1477.3195,42.21,-90.55567,4.853839375360547,-7.141868,736.4184,407.7902,Jamming
783666468,9.267078e-05,349.83167,35.4,4937.754,4.952324204727146,-7.456971,170.79083,186.29385,Jamming
70000000,0.015657086,1.2413291,-11.8,11.997592,4.341774395915292,-6.591526,0.60495067,0.81284535,Safe
1046214371,1.384563,887.1479,38.93,807.5637,4.967170978589607,-7.2173734,442.8878,279.44016,Jamming
467819500,0.0554045,1809.7283,39.16,-65.64212,4.207139985469097,-7.7990646,904.5173,287.03452,Jamming
120000000,0.012303758,1.3545433,-11.52,0.45058677,4.201309669806363,-6.695919,0.6421087,0.83945113,Safe
70000000,0.04805603,1.3560393,-11.62,-14.031478,4.237667477579428,-6.729948,0.5959997,0.82987964,Safe
1239448234,0.00064503046,2143.2236,46.9,573.05334,5.015376778435763,-7.0020533,1067.755,700.0612,Jamming
684541655,0.029722836,721.4811,38.5,5564.646,5.107167984816725,-7.1097555,359.85077,265.9616,Jamming
100000000,0.02505407,1.366784,-11.68,-4.1429763,4.334708242974408,-6.733618,0.6022409,0.82376736,Safe
1906793255,0.000109237415,925.49713,37.94,15.649295,4.853095243260165,-7.2276917,461.97397,249.5337,Jamming
616387459,0.07018293,1684.2542,36.96,-112.22448,3.812695667068308,-8.15734,841.4518,222.78244,Jamming
90000000,0.06394927,1.3621298,-11.81,-10.545196,4.265392555066416,-6.7149787,0.62374204,0.81234694,Safe
70000000,0.024154723,1.3644978,-11.83,5.7551656,4.322678867757924,-6.6766987,0.62370175,0.80977756,Safe
100000000,0.16497003,1.3913329,-11.49,-7.8296533,4.256762314696395,-6.6716423,0.66981965,0.8426101,Safe
70000000,0.058294643,1.3275707,-11.88,10.304137,4.312214101793984,-6.650488,0.6003306,0.8049962,Safe
1984240054,0.09341038,1697.5814,35.54,250.46875,3.1942789145874926,-8.690559,848.5731,189.34178,Jamming
120000000,0.0011792047,1.3934222,-11.55,4.4460335,4.33130883305825,-6.7520323,0.63261336,0.8369794,Safe
752929631,0.0005663481,1940.2412,46.05,-213.00613,5.02053066453263,-6.9842563,967.8206,634.90656,Jamming
1144070587,0.023208845,727.12085,38.38,5805.911,5.069118299455296,-7.136425,362.57254,262.54544,Jamming
605408952,0.41948605,374.6508,35.5,4523.757,5.011385420020418,-7.4414806,185.61394,188.30574,Jamming
880977381,9.836657e-06,1426.9972,42.75,-72.355064,4.946007832382613,-7.076024,712.80835,434.1712,Jamming
652136551,0.00014651212,799.4612,35.85,1.7120692,4.79291200961182,-7.521614,399.6014,196.2203,Jamming
140000000,0.004424764,1.3368394,-11.86,18.059334,4.345172612845023,-6.5809155,0.6471593,0.80678475,Safe
120000000,0.018412948,1.4019461,-11.36,-30.957485,4.298350941567018,-6.6206837,0.6677198,0.8552792,Safe
1976201805,2.174416e-05,783.2586,36.51,65.750114,4.872678729989607,-7.3076043,391.08124,211.629,Jamming
70000000,0.009738764,1.275019,-11.76,4.74169,4.3174459719178735,-6.648265,0.59638804,0.8164758,Safe
120000000,0.047716036,1.1919509,-12.43,4.9100223,4.405856794525572,-6.672319,0.5685286,0.7561585,Safe
90000000,0.10650308,1.3553822,-11.74,2.6133163,4.300185437172168,-6.6228905,0.6735169,0.818603,Safe
610906849,0.03378816,1507.8884,43.37,232.11949,4.959641173611206,-7.0563917,752.36755,466.21106,Jamming
551901559,0.07835754,1266.2172,42.04,10.807454,4.977227703691881,-7.051263,632.0202,399.77866,Jamming
653979515,0.017105369,1083.766,41.0,43.24207,5.01471694062834,-7.0022902,540.17914,354.61807,Jamming
1921279533,0.005925913,2908.176,45.1,184.6403,4.512212393151064,-7.4593067,1453.3208,568.77954,Jamming
160000000,0.041979197,1.3414149,-11.32,-0.6537829,4.30358337650331,-6.605455,0.6086695,0.85854435,Safe
633234639,6.109045e-05,425.27554,35.51,5124.126,4.854866252367749,-7.5411882,206.77393,188.5688,Jamming
1915774322,0.00026972342,1207.1936,38.53,2270.933,4.592437928183209,-7.55038,602.7914,266.85,Jamming
160000000,0.04769504,1.3349208,-11.74,-15.213103,4.31744636166453,-6.690219,0.6242747,0.81873816,Safe
1234628932,0.013166335,1533.8058,43.92,282.93503,5.009838448560596,-6.9986973,763.4947,496.8347,Jamming
1068343658,0.0024745113,1853.5011,40.05,320.7306,4.356447562239456,-7.6850886,925.74023,318.1199,Jamming
160000000,0.017769521,1.3178612,-11.75,1.9817543,4.320844115667093,-6.7242994,0.5620519,0.81740624,Safe
607684362,0.103573576,427.51965,35.2,311.5679,5.192508033146852,-7.337713,212.66995,181.92744,Jamming
1282993344,0.044156253,1850.4572,38.9,7.939575,4.118103913946975,-7.852953,924.86914,278.6747,Jamming
1260853080,5.7466474e-05,653.817,35.1,118.296585,4.944267735046294,-7.569927,326.133,179.86656,Jamming
70000000,0.11433637,1.2815565,-11.47,-2.5941114,4.331309326820499,-6.631384,0.6049352,0.84388137,Safe
160000000,0.0034725084,1.32476,-12.3,-5.9949703,4.221969180448535,-6.7934957,0.5940776,0.76762885,Safe
1007919781,0.080985494,1654.355,36.45,-116.729164,3.669546450174949,-8.281664,827.0507,210.1881,Jamming
100000000,0.037746012,1.3458632,-11.54,-11.609066,4.367665243315464,-6.725131,0.6419487,0.8379397,Safe
1408988073,0.8961502,576.9467,36.69,3302.318,5.1085522589122005,-7.311966,288.46054,216.02702,Jamming
704788263,0.5796483,605.67175,36.36,58.587822,5.072281471921528,-7.35055,301.9445,207.87651,Jamming
1622618552,0.00025574584,617.09503,37.62,901.73914,5.109812857335919,-7.154064,308.10443,240.34502,Jamming
1523635911,0.0003587647,841.2382,36.74,106.37433,4.828581348850665,-7.3482795,420.25275,217.32652,Jamming
1612949608,0.00027955946,596.3752,37.38,5430.201,5.106396608103253,-7.167557,297.17136,233.79349,Jamming
1209955193,0.18041608,1873.3472,44.77,474.53912,4.90374976728085,-7.1192794,932.8198,547.6316,Jamming
983260163,0.0729034,1822.3383,35.49,-193.77902,3.0735083845095144,-8.762533,910.9301,188.04723,Jamming
160000000,0.033963844,1.2858473,-11.76,-5.4908056,4.301748985481456,-6.731591,0.601858,0.81672657,Safe
1663748132,0.000113379065,1214.3435,42.02,91.371124,5.023061947441344,-6.9862723,606.5485,398.80212,Jamming
100000000,0.0956945,1.3691248,-11.69,9.842085,4.294952818679386,-6.5847325,0.6319554,0.82288706,Safe
160000000,0.0018007723,1.2957767,-11.71,10.3192,4.293118596278685,-6.662539,0.6064399,0.8210751,Safe
70000000,0.0038930574,1.3876808,-11.43,-6.6996117,4.391993735264732,-6.743084,0.63693017,0.84830034,Safe
1223845390,0.012440564,2470.0032,43.34,-0.6763631,4.466084042114682,-7.5136895,1233.0632,464.63956,Jamming
100000000,0.06282577,1.315952,-11.52,-27.203909,4.301747794448014,-6.6724186,0.62654555,0.83978134,Safe
506315563,6.833842e-05,439.70386,35.81,11294.946,4.967594281731117,-7.402169,217.47687,195.14288,Jamming
909268843,0.04874004,800.2124,38.86,-14.279096,5.06169123826847,-7.0045185,398.6935,277.3051,Jamming
1287284988,3.5296154,371.39542,35.28,1077.8987,5.300441973605835,-7.6293583,185.11662,183.59634,Jamming
874032967,0.00011493218,858.65485,37.48,-121.80916,4.882209325234862,-7.2789507,428.8524,236.51497,Jamming
735656223,0.08210482,1681.0507,35.82,-149.32132,3.400681022078245,-8.510071,839.97705,195.51439,Jamming
1337846770,0.037970807,910.5489,39.46,119.43709,5.016241015768244,-7.0489798,452.46765,297.0728,Jamming
100000000,0.050300665,1.2466385,-11.54,-26.175709,4.386761637466755,-6.524903,0.4992682,0.83781815,Safe
120000000,0.008550514,1.3199891,-11.55,-9.802473,4.391993228413492,-6.7116113,0.6113175,0.83683926,Safe
140000000,0.030769082,1.3606445,-11.74,10.417668,4.3069812019413,-6.703808,0.64536965,0.81869787,Safe
587224683,0.06797301,1735.6382,36.88,11.5790205,3.761329351876412,-8.18565,867.0784,220.90619,Jamming
1065553886,0.1384404,1213.8821,41.33,1520.2247,4.941404379202149,-7.1454396,605.33795,368.63516,Jamming
1769691037,0.0006315717,1490.0109,43.21,22.971878,4.955819463807078,-7.055855,742.9597,457.3661,Jamming
90000000,0.016812451,1.387525,-11.85,2.4397168,4.383363264030028,-6.6775,0.6376049,0.80856377,Safe
100000000,0.010163872,1.3138101,-11.44,-1.2471514,4.320845624636399,-6.616596,0.59870255,0.8470903,Safe
1179003985,0.07378253,572.7498,36.6,-103.0265,5.114011049633533,-7.112573,285.9934,213.85658,Jamming
460059717,7.2480652e-06,738.0603,35.73,118.21702,4.869706876583373,-7.4551206,368.1188,193.37445,Jamming
70000000,0.027475767,1.3701216,-11.82,-7.935092,4.378130482310689,-6.640851,0.67572564,0.81107396,Safe
120000000,0.004623878,1.3829434,-11.61,-5.9333215,4.270624829061589,-6.7506647,0.6677834,0.8303382,Safe
1483066525,0.90680337,1307.5781,40.87,669.8992,4.81114635992925,-7.269199,652.1974,349.70502,Jamming
836681894,5.4877906e-05,811.6641,36.88,-126.73254,4.877920043511772,-7.3476553,405.40286,220.74733,Jamming
90000000,0.030770626,1.3350109,-11.96,-2.3683443,4.275857440503913,-6.7828884,0.63939565,0.7984311,Safe
70000000,0.003330247,1.3264564,-11.5,12.647156,4.260159568984305,-6.6456146,0.6546098,0.8415376,Safe
734144839,6.109045e-05,695.3063,35.1,-110.872986,4.8814582125749855,-7.6883044,347.24033,179.80977,Jamming
100000000,0.031282086,1.2725757,-12.03,-18.465094,4.359035187501211,-6.618278,0.5484076,0.7917573,Safe
140000000,0.04457596,1.299678,-12.13,10.113407,4.312213701094363,-6.724135,0.63897216,0.78255016,Safe
1918267728,0.025831774,1184.8085,41.55,-292.3191,4.986853273789603,-7.0288754,591.9979,377.95312,Jamming
120000000,0.015599826,1.3106163,-11.87,2.4219663,4.303583026196202,-6.7015896,0.63642097,0.8063337,Safe
70000000,0.049727973,1.3002899,-12.08,5.28971,4.312213578244944,-6.7072225,0.61679727,0.78718656,Safe
1541546486,0.007167602,1922.9484,45.04,-20.076262,4.9096681764101096,-7.0758886,958.833,564.9118,Jamming
90000000,0.031474322,1.3569155,-11.48,-12.100404,4.2047077412104885,-6.643407,0.6474859,0.8432915,Safe
70000000,0.080893,1.3511021,-12.64,12.044336,4.274022584528842,-6.7255163,0.61730516,0.73830914,Safe
808584106,0.7151676,809.4936,38.58,257.99094,4.996947649300575,-7.1946187,404.11868,268.5499,Jamming
100000000,0.032105442,1.3038428,-12.67,7.240527,4.364267715877212,-6.734503,0.6050627,0.73533314,Safe
140000000,0.07002909,1.2295512,-11.83,2.875379,4.274021513719672,-6.6494584,0.5561647,0.8096521,Safe
120000000,0.0017914572,1.3481542,-11.67,-1.5189258,4.2428992780258445,-6.605074,0.65919626,0.8254916,Safe
1428960183,0.13793437,2131.6113,46.96,308.86563,5.028854537332275,-6.9931746,1062.2805,704.8099,Jamming
1624812150,0.013198336,2499.393,40.58,164.55333,4.064700185682109,-7.8690424,1248.8485,338.1263,Jamming
1171021998,0.042751826,570.1551,36.29,102.96034,5.098338396362342,-7.0995865,284.57007,206.32788,Jamming
706730170,0.07665792,1608.0996,37.44,-51.000282,4.00245580754892,-7.9996204,802.99457,235.59279,Jamming
1383567404,1.967329e-05,655.9377,35.22,-104.49768,4.947563003590625,-7.5027437,327.54834,182.37029,Jamming
777500164,4.4523636e-05,620.99304,36.3,9178.684,4.828040889347419,-7.503298,309.25253,206.47458,Jamming
70000000,0.026000058,1.3056209,-11.91,1.6657492,4.242206838395771,-6.6944795,0.6025311,0.8024816,Safe
1706784951,0.03971076,1236.4662,42.47,72.651924,5.059335620559146,-6.9713154,616.7483,420.1642,Jamming
120000000,0.088566646,1.3767493,-11.31,-10.641864,4.275857892997934,-6.7895427,0.62336266,0.8597074,Safe
70000000,0.0044868262,1.3606856,-12.01,7.180705,4.2613018178554665,-6.7075763,0.6360141,0.7933537,Safe
1285335849,4.7629925e-05,502.9702,36.57,4495.518,5.098555265125364,-7.227659,250.93016,212.97963,Jamming
1051939139,0.00018741036,724.8509,35.51,-95.13386,4.86894538393549,-7.7504563,361.9772,188.6101,Jamming
721763319,0.0065731653,1805.4982,45.45,-18.061789,5.026825160581697,-6.981247,901.37537,592.4817,Jamming
70000000,0.11941792,1.3865951,-11.6,21.62391,4.284488211954035,-6.7377796,0.60378546,0.8312869,Safe
160000000,0.052571256,1.3601245,-11.99,15.492522,4.400623929008683,-6.816299,0.596869,0.79532015,Safe
958618514,8.80122e-06,426.0362,35.81,5979.8486,4.980980995848064,-7.3853936,211.98053,195.22366,Jamming
100000000,0.00020967129,1.3787806,-11.91,-22.51636,4.364268105305202,-6.712579,0.6852678,0.8024395,Safe
1461646790,0.0001009541,902.02234,39.81,1863.6207,5.0502866842075385,-7.0943108,449.98795,309.3494,Jamming
1680050206,0.00019672891,2045.2644,46.12,127.12394,4.968665679312481,-7.0263896,1021.6992,639.7231,Jamming
560185662,1.7627305,323.96454,35.08,7582.215,5.105971947424396,-7.752959,161.01797,179.46329,Jamming
611691870,0.00033132776,2200.3882,46.45,217.58893,4.937208931658444,-7.0754704,1099.2125,664.19104,Jamming
1663948445,0.15212515,1289.7972,35.43,-110.15573,3.45606723537986,-8.547766,644.591,186.95773,Jamming
100000000,0.07137176,1.3282865,-11.8,3.833594,4.303584069925705,-6.7226577,0.58522516,0.813177,Safe
661841117,0.00016980864,480.40552,36.04,2861.4087,4.983170454642645,-7.374469,239.02211,200.51811,Jamming
100000000,0.04434843,1.2873801,-12.1,18.991417,4.256762093211959,-6.666039,0.62211907,0.784988,Safe
70000000,0.04073819,1.3294214,-11.46,-0.5845275,4.2706243875179375,-6.605641,0.64614385,0.84560573,Safe
1544502987,0.036507905,748.33514,38.54,10.608075,5.095531484383358,-6.997711,372.90698,267.43973,Jamming
140000000,0.0035630362,1.331984,-11.99,1.6230701,4.322678848648399,-6.6912904,0.6046911,0.794934,Safe
1073258492,0.058191963,1718.4705,38.34,150.78104,4.105799540379216,-7.8802304,858.0533,261.1105,Jamming
510031178,0.072518505,1844.4366,35.18,39.511265,2.6943603269070624,-9.069654,922.1391,181.54158,Jamming
1527049992,2.7439039e-05,317.3351,35.21,8506.366,4.80785831946613,-7.594142,156.81143,182.2194,Jamming
160000000,0.0035609666,1.3721743,-11.4,4.1572695,4.26199428204073,-6.5943217,0.59551704,0.85121673,Safe
100000000,0.0025252185,1.3475119,-11.95,-3.4295914,4.331308718954936,-6.712602,0.65567446,0.79847574,Safe
1682811802,0.046291757,1898.1038,45.55,1124.9071,4.975229478649484,-7.0446987,947.7806,598.963,Jamming
1529444155,3.9373627,458.3946,35.69,222.18607,5.198088216121766,-7.497456,228.64926,192.60468,Jamming
100000000,0.042012528,1.3243859,-11.65,8.615689,4.22903646504037,-6.68648,0.63756895,0.8266266,Safe
160000000,0.084615245,1.3808279,-12.0,-13.068573,4.294953508068965,-6.7437334,0.65556055,0.7939884,Safe
1489878674,1.0354375e-05,636.12427,37.61,6372.444,5.088188867992144,-7.1777477,316.28745,240.15228,Jamming
1860542782,0.066337146,467.20792,35.48,-389.6426,5.198703225787013,-7.139491,233.2344,187.92201,Jamming
70000000,0.045594044,1.355177,-11.63,14.293149,4.217878873640742,-6.6286955,0.6349819,0.8291133,Safe
510600216,1.0354386e-06,697.4916,35.19,-255.93161,4.883638091892107,-7.555299,348.2151,181.72054,Jamming
773308545,1.25014,527.2475,36.17,6200.4297,5.014973677710536,-7.3893595,263.28073,203.49072,Jamming
1561966396,7.71395e-05,478.82605,36.05,10197.189,4.9918622931527725,-7.371413,237.32178,200.77692,Jamming
944992858,0.04766944,1661.4735,45.02,454.85223,5.051006414575977,-6.985737,829.7827,563.8983,Jamming
140000000,0.021155726,1.3813274,-12.06,-4.6564274,4.350404700308731,-6.756801,0.66832846,0.7888821,Safe
140000000,0.013042972,1.3271662,-11.91,0.022956677,4.345172336881266,-6.68515,0.6019552,0.8025998,Safe
1385907929,0.053242277,548.7068,36.21,96.06,5.152209054366676,-7.1015387,272.64062,204.45982,Jamming
675219732,0.00024176821,1175.3536,38.84,38.30599,4.7052326010178485,-7.3373003,586.9598,276.5713,Jamming
774355968,0.19827665,1717.475,45.23,412.40842,5.042299816378312,-6.9918137,857.6282,577.22156,Jamming
100000000,0.04727615,1.340445,-11.47,5.8331537,4.369499693963295,-6.6311603,0.5850401,0.8447079,Safe
120000000,0.0068481667,1.3830835,-11.87,-4.6020327,4.29835039931315,-6.7872705,0.61748564,0.8060819,Safe
1176624555,0.035197545,906.8973,38.48,23.438034,4.921870133139202,-7.195144,452.42188,265.48688,Jamming
646841822,0.050499737,775.03705,37.91,110.02535,4.987631676740045,-7.0942554,387.41147,248.54906,Jamming
160000000,0.0052299574,1.2553986,-11.76,1.6448189,4.383363224808506,-6.594395,0.55738485,0.8165686,Safe
1131230144,0.0058225095,2118.8486,46.59,188.36174,4.984892466124679,-7.027892,1058.2654,675.1904,Jamming
120000000,0.042012528,1.3708932,-11.55,20.85211,4.24813164879425,-6.6945953,0.6526566,0.8364002,Safe
1888696025,0.9219062,1132.9445,41.22,146.4887,4.991781989084432,-7.1017885,565.91534,363.928,Jamming
1632852452,8.749369e-05,900.60095,36.11,27.092583,4.7013767705010485,-7.6301627,449.8582,202.01646,Jamming
1008827271,0.9663338,839.2181,38.51,1583.2942,4.993865202228707,-7.2361426,418.36554,266.36087,Jamming
671451760,8.6458276e-05,696.9575,35.99,53.71907,4.94837814969475,-7.3464894,347.85068,199.35994,Jamming
120000000,0.019983996,1.3800267,-11.8,-2.0977397,4.397226059980408,-6.6835146,0.6098347,0.8130709,Safe
847630611,0.12081843,1470.7844,35.64,42.405678,3.461411285784459,-8.518193,734.9827,191.42911,Jamming
1954955354,0.46886384,632.481,37.1,1821.7643,5.066600831080029,-7.2755814,315.21875,226.48228,Jamming
140000000,0.1013285,1.3368032,-12.23,-18.572685,4.320843737165196,-6.738087,0.6334812,0.7738307,Safe
1833193718,0.1347344,1422.8624,35.16,33.551205,3.030214152793088,-8.886321,711.09375,181.07983,Jamming
90000000,0.13266356,1.328103,-11.68,0.34061474,4.289720463666424,-6.6416764,0.62986755,0.8240221,Safe
1466230603,0.03331141,2047.9744,41.79,-80.098434,4.470433974328944,-7.535921,1022.9312,388.7787,Jamming
120000000,0.1473495,1.2440146,-11.68,-11.219654,4.378130291744668,-6.6582975,0.58898354,0.82416487,Safe
140000000,0.027899142,1.3257337,-12.06,9.28711,4.3728983383151245,-6.7485003,0.5876279,0.7887049,Safe
100000000,0.04468664,1.3825526,-11.86,12.475765,4.226509558924566,-6.6909094,0.65132105,0.80729103,Safe
70000000,0.034749713,1.2966293,-11.62,3.8377957,4.341774401066207,-6.6922755,0.5795763,0.8297237,Safe
917229141,0.05861082,503.80072,35.88,185.94324,5.132512304002402,-7.267893,251.51645,196.88898,Jamming
120000000,0.08852302,1.3286446,-11.74,2.5714571,4.364267212548612,-6.768835,0.6164391,0.81861097,Safe
1866026540,0.018284064,2063.1284,43.56,-122.71561,4.682167342014117,-7.3330116,1029.5028,476.15836,Jamming
988344727,0.073292844,2041.641,46.37,714.24786,5.006181337351345,-7.0155907,1017.44135,658.6216,Jamming
90000000,0.10790068,1.3796252,-11.68,7.509717,4.279255444038034,-6.663823,0.685434,0.8239818,Safe
999374571,0.03788048,1887.9758,36.86,-6.5464435,3.606691731260329,-8.279446,943.63873,220.36143,Jamming
1328104550,0.02213193,2050.78,44.76,-8.175974,4.832740533533274,-7.194294,1022.89276,546.96625,Jamming
90000000,0.0047304137,1.3725792,-11.8,-14.783935,4.306981851833513,-6.7891054,0.6288992,0.8131529,Safe
1929499878,0.07740305,1699.1862,35.83,52.664505,3.367681668715281,-8.523258,849.18805,195.70111,Jamming
100000000,0.009778539,1.2815275,-12.45,1.3497124,4.326076811890154,-6.7777705,0.5988619,0.75441176,Safe
563045800,0.0322036,705.3972,37.76,-67.80297,5.069155186769876,-7.045448,351.0143,244.37054,Jamming
140000000,0.04941626,1.2513729,-11.74,-4.4597535,4.38676116116519,-6.6146255,0.5419234,0.818932,Safe
499718551,0.00043900387,2521.8167,47.31,64.50319,4.901331012136414,-7.082487,1258.3495,733.3483,Jamming
120000000,0.054467447,1.3142531,-11.36,14.895865,4.294952901956431,-6.619565,0.6172054,0.8552753,Safe
100000000,0.011544797,1.3808589,-11.55,-12.659907,4.275857501752201,-6.72564,0.6483274,0.83694035,Safe
90000000,0.007890636,1.1716549,-12.4,13.676592,4.391993501626677,-6.6645274,0.56208116,0.7582272,Safe
100000000,0.012412687,1.3733087,-11.74,19.143995,4.289720700434671,-6.631548,0.6269354,0.8189146,Safe
1961804131,0.03316088,652.1984,36.42,325.04346,4.98526580731493,-7.174966,325.58475,209.4346,Jamming
1689972518,0.095662095,1565.2634,35.72,-121.38527,3.392905818288585,-8.529715,782.4045,193.2816,Jamming
532816391,1.6049271e-05,320.33005,35.21,1753.7507,4.83837219730279,-7.578313,155.63422,182.15056,Jamming
140000000,0.19620918,1.3385589,-12.07,0.27854484,4.2844870588935695,-6.720334,0.6557758,0.78795075,Safe
1094525836,0.00046902843,1280.0619,42.59,-75.078415,5.040104033269465,-6.9801707,639.4126,425.93158,Jamming
1473447294,0.01461648,2052.5706,45.09,135.38214,4.850064286488127,-7.1298656,1024.8651,568.2802,Jamming
160000000,0.043382343,1.3139677,-11.43,3.193754,4.383363043384643,-6.693634,0.61369425,0.8477787,Safe
120000000,0.022830848,1.2944809,-11.46,-5.375625,4.289720331562599,-6.721719,0.5944918,0.84551877,Safe
983293300,0.00019465813,1579.7443,43.56,-188.88824,4.940795655206714,-7.0750146,787.51465,476.30484,Jamming
978084015,0.02908828,982.35205,40.02,-32.42851,5.005260889971236,-7.035875,489.5264,316.88715,Jamming
1814763622,0.07615483,1718.4142,36.28,-52.424114,3.557073876560417,-8.361314,859.1606,206.04034,Jamming
1689574473,0.21751061,1155.2446,35.37,-50.64575,3.630245314677048,-8.478464,577.32324,185.65916,Jamming
160000000,0.0024657152,1.3115394,-11.69,7.910926,4.289721081399218,-6.620324,0.59849775,0.82323116,Safe
120000000,0.021468446,1.3971828,-11.37,-7.4281154,4.428349293842543,-6.650036,0.6147691,0.85403687,Safe
777286733,0.0069308705,1202.7411,42.03,136.48807,5.029486419438678,-6.9818454,600.2048,399.30988,Jamming
140000000,0.044745572,1.2334433,-11.65,13.630811,4.287885489092439,-6.591008,0.5826963,0.82686895,Safe
726489995,0.04260059,2004.7717,38.53,230.34224,3.95503996795074,-7.9846535,1002.3017,266.8983,Jamming
755799266,3.986421e-05,753.6411,35.29,117.23866,4.809429266972799,-7.586053,376.58853,183.761,Jamming
160000000,0.07748747,1.3083664,-11.78,-1.3093104,4.287885069822739,-6.657613,0.62347996,0.8148123,Safe
777470555,0.000402767,809.3919,38.85,978.7401,5.034492248136278,-7.150414,403.49713,277.0444,Jamming
100000000,0.05835951,1.3123134,-11.99,9.595127,4.359035250174032,-6.738159,0.6402753,0.79570085,Safe
1936024584,0.13759032,608.2974,37.33,77.92445,5.122655395922056,-7.0820026,302.94864,232.62746,Jamming
120000000,0.08113184,1.3650382,-11.58,3.9497192,4.35040436189391,-6.6766906,0.6561081,0.83406514,Safe
90000000,0.04858492,1.3206398,-11.51,3.5138144,4.336541713549005,-6.6341243,0.59835756,0.8409106,Safe
160000000,0.023709357,1.3969877,-11.32,1.9183528,4.364267583923985,-6.718551,0.63685703,0.85912704,Safe
120000000,0.02569127,1.3384918,-12.05,8.802122,4.215173612844729,-6.7844877,0.63006943,0.7894372,Safe
70000000,0.021790413,1.3450108,-11.58,2.8787134,4.317446854731135,-6.6187005,0.5931071,0.8341322,Safe
1450274865,0.00015531303,1003.23016,40.08,1885.3611,4.976792922394546,-7.1492825,500.15857,319.27347,Jamming
704530801,1.5531554e-05,1029.4736,36.46,45.162025,4.604381130928419,-7.5328107,513.82776,210.39928,Jamming
435617336,0.0010353153,1735.9119,44.23,329.01123,4.914019032271964,-7.1115246,867.0972,514.5064,Jamming
447367530,0.0002655819,1278.9261,41.15,8.351062,4.876368014077737,-7.146384,639.06104,360.99802,Jamming
1962953662,0.7290477,604.626,37.18,5831.5767,5.111909514899984,-7.2264385,301.68936,228.45448,Jamming
90000000,0.1242455,1.3080274,-12.1,-17.436752,4.279255549429063,-6.7074323,0.6136666,0.7853395,Safe
100000000,0.067102395,1.2919701,-11.35,11.247982,4.256763227402973,-6.623489,0.5418899,0.85617584,Safe
1892213867,0.00020190586,1454.3717,43.51,-57.433475,5.013989233438744,-6.9891157,725.27814,473.86472,Jamming
140000000,0.018789267,1.3125173,-11.92,2.2083452,4.391993556942857,-6.6666174,0.63397306,0.80200535,Safe
70000000,0.032312028,1.399181,-11.27,0.42186767,4.409254590891205,-6.6645117,0.65967405,0.8636432,Safe
595199676,0.014589649,2732.299,47.22,-212.82481,4.807803111297065,-7.1639824,1364.535,725.71814,Jamming
1191678775,0.00029405465,1168.1437,42.04,1128.5249,5.065642606188824,-7.022488,581.40546,400.03763,Jamming
1118372145,0.16369937,494.7028,35.4,0.9741492,5.092066254088668,-7.4733386,246.88438,186.23608,Jamming
1740575031,9.836657e-06,1381.829,42.92,1528.035,4.997701472452148,-7.0654354,689.718,442.75507,Jamming
1442517141,0.07014217,2153.5493,46.15,476.95377,4.926527542302818,-7.0853095,1075.8624,641.58826,Jamming
1099781997,0.00028318327,885.0401,39.2,62.179268,5.033137083802852,-7.0281057,442.31976,288.43228,Jamming
686200782,0.021884164,1049.018,40.8,1421.6293,5.023802048452256,-7.0913067,522.0028,346.68616,Jamming
100000000,0.041370537,1.3270105,-12.5,-23.413006,4.2758580540692925,-6.671894,0.646417,0.7494986,Safe
1150872721,0.094889194,1568.7946,43.52,180.7188,4.935319811115239,-7.106673,783.546,474.35504,Jamming
90000000,0.035068646,1.2619044,-12.04,-1.1981936,4.391993742688113,-6.727532,0.52737176,0.7903595,Safe
1378218475,0.5846537,544.0033,36.07,1.4400698,5.125326477278575,-7.378663,270.75644,201.02847,Jamming
90000000,0.029418424,1.3654671,-11.46,11.044695,4.27925491876676,-6.663885,0.6510713,0.8452645,Safe
100000000,0.04489673,1.2780242,-11.77,5.4421678,4.260159950766973,-6.5263166,0.55860746,0.81531096,Safe
1968261725,7.2480652e-06,848.24866,36.79,-146.80609,4.819735997696767,-7.392777,423.67444,218.64088,Jamming
100000000,0.03364175,1.3729029,-11.53,7.5135326,4.267227610641715,-6.6522875,0.6553504,0.83865696,Safe
1070234146,1.4285219,401.865,35.27,1497.326,5.21386117184783,-7.6979513,200.15292,183.38934,Jamming
441613824,0.0002992315,668.4113,35.26,11.135921,4.930085419730599,-7.9228754,333.5392,183.21463,Jamming
1184872565,0.000115967596,1205.1742,42.46,2362.6135,5.074894262101724,-6.99852,600.00275,419.85916,Jamming
792874307,2.7956756e-05,779.25757,35.59,-50.58126,4.800310005242814,-7.720602,388.83878,190.31267,Jamming
120000000,0.049522217,1.2262646,-12.05,-10.783657,4.2099404815119374,-6.6520123,0.602171,0.7901728,Safe
443656767,0.055869114,1040.897,40.01,134.71216,4.94039356255765,-7.116231,519.23364,316.7434,Jamming
70000000,0.03534955,1.3566788,-11.73,12.9289665,4.221968921114236,-6.7012844,0.6473984,0.8189514,Safe
90000000,0.047116373,1.3812892,-11.8,-24.382402,4.284488767502073,-6.786462,0.64800584,0.8129968,Safe
628137828,0.2192638,461.5468,35.47,40.26878,5.212308117652635,-7.4601865,229.52301,187.69727,Jamming
1013912946,0.00025626353,1169.2393,40.37,-83.476616,4.884958870730761,-7.187416,583.7364,329.91736,Jamming
741251738,0.049613833,1660.6628,38.7,27.564775,4.215832656041133,-7.7893896,829.7285,272.374,Jamming
70000000,0.0020838382,1.2824745,-12.08,-21.00812,4.293118623443426,-6.6480546,0.5964106,0.7873407,Safe
90000000,0.00892769,1.2611184,-11.96,-3.1032825,4.339939756673575,-6.680363,0.5776368,0.7978128,Safe
895440407,0.19216485,640.4943,37.33,6238.451,5.065268770501783,-7.2375383,319.8568,232.56993,Jamming
1086930743,0.086912625,1645.221,35.83,84.95531,3.401359152209217,-8.50975,822.2827,195.55708,Jamming
611507977,1.812014e-05,1202.0092,41.25,29.45454,4.95448764073151,-7.0862093,599.4601,365.0729,Jamming
1671616637,0.7916379,959.2832,39.94,672.23486,5.020906838580558,-7.130517,477.90527,314.17477,Jamming
957523769,0.088841066,458.22293,35.19,650.03485,5.203383592453599,-7.372184,228.5077,181.77759,Jamming
1043585247,0.30755523,439.91663,36.09,114.11401,5.108883428017732,-7.2750607,218.2621,201.51294,Jamming
140000000,0.021449383,1.3512158,-11.29,-0.5776902,4.359035029312647,-6.57691,0.58435905,0.861956,Safe
836223470,0.116695195,596.15094,36.46,76.72351,5.048295092210048,-7.225312,297.25827,210.32051,Jamming
778720735,0.059729286,440.3137,35.2,544.61865,5.190849776615131,-7.1954184,219.46593,181.9172,Jamming
1039378101,0.00033702224,1011.67365,40.8,-165.09827,5.070263417834084,-6.9829044,505.46655,346.91498,Jamming
1915267999,0.7472089,380.2895,35.33,2747.8176,4.968365817546684,-7.5554523,189.87799,184.76366,Jamming
1588408223,0.03297951,857.63293,39.33,-175.97751,5.0555717242960885,-7.000602,427.85687,292.87506,Jamming
820620547,0.29290742,758.1795,38.24,5824.511,5.021269401855977,-7.2022686,377.6507,258.28192,Jamming
70000000,0.038935024,1.3625392,-11.38,-12.491993,4.284487153328241,-6.6105022,0.65018797,0.8531904,Safe
1088848194,8.179889e-05,1190.8291,41.73,2488.256,5.005749254698996,-7.076521,594.31354,386.11554,Jamming
120000000,0.0836525,1.2801328,-12.16,-19.461737,4.293118394153025,-6.6883454,0.6105145,0.77974075,Safe
1968915058,0.14811662,470.77878,35.52,-310.13205,5.146021147032865,-7.3823795,235.25826,188.9047,Jamming
1188880732,2.0191008e-05,293.8212,35.08,6791.7476,4.745195363124917,-7.6525497,143.96466,179.50436,Jamming
702936358,0.04409373,1008.3553,40.1,34.51589,4.982483721869551,-7.069806,502.48688,319.85034,Jamming
160000000,0.20484908,1.3455445,-11.35,-2.0076973,4.322679031974863,-6.712638,0.5951199,0.85599333,Safe
90000000,0.007505102,1.3081497,-11.77,-17.823858,4.383363507688221,-6.693568,0.5747764,0.81578225,Safe
1529817782,0.00014651212,725.2789,38.21,4932.8604,5.057406597642378,-7.1524477,360.62704,257.37387,Jamming
160000000,0.07943534,1.25459,-11.68,-13.127517,4.405856306723049,-6.55685,0.57374084,0.82370925,Safe
532946176,0.023519352,2059.7588,42.03,82.387985,4.489747554534056,-7.516979,1028.28,399.2711,Jamming
1762193789,0.11623351,1540.8651,35.19,-10.286115,2.969470045533115,-8.912657,770.1176,181.81035,Jamming
70000000,0.06783132,1.3604273,-11.27,3.2438006,4.339940209793842,-6.69382,0.6425348,0.86420166,Safe
120000000,0.020100463,1.3102376,-11.57,-5.7947974,4.331308576073407,-6.6503124,0.596271,0.8344701,Safe
120000000,0.0056353416,1.3127785,-12.12,-0.01469403,4.229036775271043,-6.740383,0.6102418,0.78321326,Safe
976104875,0.12981698,1504.4888,36.12,-148.99821,3.688946640297568,-8.316246,752.03937,202.26738,Jamming
981174790,0.13645309,1237.3894,42.15,1970.0283,5.018659108084773,-7.06067,616.7978,405.14038,Jamming
100000000,0.012596465,1.3195542,-11.69,-6.780742,4.298350662938524,-6.6749206,0.6365469,0.8229632,Safe
1573625045,0.0068740123,1425.1256,42.76,111.62538,4.9474778954276175,-7.0504103,711.60315,434.47464,Jamming
566173002,1.6710613,461.96164,35.86,3319.061,5.211992401536114,-7.4187512,230.10571,196.38368,Jamming
90000000,0.04032325,1.2696381,-11.88,13.475608,4.383363084511791,-6.718001,0.57594955,0.80538875,Safe
1505444199,0.021055263,2396.1443,47.08,185.85233,4.924234045655612,-7.066103,1195.0381,714.5815,Jamming
90000000,0.012316665,1.3382417,-11.63,8.482621,4.220405692647805,-6.726614,0.60322684,0.8291849,Safe
472724099,0.00036652986,1010.42737,39.99,39.732807,4.984252123131026,-7.0561113,504.6884,316.00598,Jamming
70000000,0.0083924,1.2749819,-12.02,8.785153,4.391993293848682,-6.6476054,0.5929838,0.79262316,Safe
100000000,0.0067266934,1.3259262,-11.96,20.663948,4.419719050010313,-6.5539765,0.6205639,0.7979139,Safe
1134326779,2.2779594e-05,1977.6305,46.66,532.4625,5.069705326993024,-6.9604397,985.94946,681.11145,Jamming
1283452882,0.0008267192,1008.87164,39.89,4299.6587,4.947462462129669,-7.1855125,502.52655,312.15823,Jamming
1171397766,0.1356237,736.848,38.36,5161.5884,5.066849982030271,-7.1503053,367.09726,261.8258,Jamming
1224746577,8.697599e-05,706.9203,37.9,2226.8198,5.017135984483325,-7.220786,353.4111,248.1951,Jamming
120000000,0.016529312,1.3137769,-12.31,8.899448,4.3260768797749,-6.683118,0.6099225,0.7663246,Safe
70000000,0.011252536,1.2881768,-11.8,-9.910782,4.289720263781159,-6.62789,0.55446696,0.8129979,Safe
1199269170,0.020182397,2355.624,40.13,84.80923,4.055724243351077,-7.879671,1177.7585,321.01776,Jamming
120000000,0.047525033,1.3789635,-12.25,1.0881652,4.234268387543176,-6.740695,0.6320881,0.77219933,Safe
799761361,0.02688719,731.31116,37.48,-33.431633,5.010861768011067,-7.0914745,365.1045,236.63364,Jamming
1979511931,0.6149381,625.6702,37.2,343.74493,5.089118806415791,-7.254695,311.41342,229.1129,Jamming
522912542,3.1580767e-05,357.59882,35.28,2042.5626,4.835075432740132,-7.547428,177.50972,183.67845,Jamming
873279810,1.5531579e-06,752.9306,35.08,-67.417725,4.79764545899288,-7.784103,375.96082,179.43219,Jamming
160000000,0.01585053,1.288938,-11.68,4.9165587,4.378130638060045,-6.623535,0.5744773,0.8236898,Safe
160000000,0.03228325,1.3757638,-11.51,15.148634,4.264699486873183,-6.7279644,0.6811431,0.84087074,Safe
1224282855,0.00027955946,1281.9518,42.21,2391.3765,4.985613004932157,-7.0825047,638.9341,407.61807,Jamming
834849075,0.050189614,2131.813,46.35,865.83453,4.956379236119041,-7.057415,1063.8147,657.0657,Jamming
1057042356,0.00012062694,1609.4097,45.04,641.68774,5.0872141604667815,-6.957882,801.2285,564.7755,Jamming
1056356849,0.10095674,1452.262,37.76,-39.26852,4.207497534784439,-7.8520746,725.58575,244.24974,Jamming
984742996,0.00026713498,871.8119,36.9,142.60979,4.808254022258403,-7.425165,435.4002,221.35309,Jamming
120000000,0.063358985,1.3409861,-11.72,9.971842,4.192680277842815,-6.5923433,0.646111,0.82015604,Safe
140000000,0.029239986,1.3116302,-11.46,-27.979624,4.3226791606935215,-6.603104,0.63535047,0.8455777,Safe
160000000,0.01578347,1.3654624,-11.29,7.769405,4.336541932008199,-6.601022,0.6281915,0.86179084,Safe
560615181,0.014064862,1079.8503,40.71,-28.235891,4.986860621826157,-7.036235,539.4223,343.32407,Jamming
120000000,0.036155194,1.378163,-11.96,3.7691288,4.35903500846722,-6.7028413,0.6423778,0.79811096,Safe
1376804551,1.430822,665.68646,37.85,1189.8727,5.106491665267553,-7.154151,332.5932,247.02792,Jamming
160000000,0.015414111,1.2980468,-11.7,9.143589,4.3781308640424825,-6.6685786,0.5669925,0.82264894,Safe
1574820869,9.836657e-06,789.56433,38.89,2580.5386,5.06027067851785,-7.127028,393.4093,278.32712,Jamming
160000000,0.09610773,1.3310325,-11.61,-16.774773,4.237666050849195,-6.6879296,0.64602107,0.83056843,Safe
120000000,0.011238078,1.3174874,-11.92,13.247126,4.37813037599788,-6.6500807,0.60647273,0.8016259,Safe
1238689026,0.066380486,1662.0873,36.33,-112.52177,3.5852939235505508,-8.329797,830.3598,207.19827,Jamming
90000000,0.06698922,1.3678062,-11.73,-7.7014904,4.294952847008011,-6.7089167,0.6033991,0.81957775,Safe
90000000,0.21366355,1.2224739,-12.48,-6.88775,4.25336374816324,-6.625142,0.55694395,0.7514033,Safe
120000000,0.003800985,1.3583051,-11.6,-0.47936368,4.331309402261431,-6.6217875,0.6663928,0.8312922,Safe
1089525396,0.00022157823,768.4433,35.58,104.962425,4.819498793019435,-7.743265,383.3598,190.06694,Jamming
120000000,0.0727914,1.2557808,-12.19,-8.914914,4.355637519023714,-6.7158217,0.53870535,0.77743477,Safe
1409146439,0.05134862,1788.4844,36.23,-209.31477,3.4561027487390508,-8.412249,894.19116,204.7721,Jamming
1591534493,0.7614547,865.44086,39.89,1533.8313,5.09970249341052,-7.047598,431.61755,312.3464,Jamming
90000000,0.005669984,1.3337902,-11.81,-3.7185276,4.206542663238399,-6.7483087,0.6146196,0.8123301,Safe
1297022458,0.114876404,1635.6879,35.78,-26.305838,3.417628367801908,-8.535711,817.6305,194.45532,Jamming
802730415,0.019300083,1013.5188,40.28,15.780078,4.994998848375147,-7.0367775,504.9681,326.7536,Jamming
1720316967,0.021116573,1166.3716,41.51,27.459444,5.006493351610637,-7.0114555,582.20544,376.4025,Jamming
980248027,1.4533354,668.97144,37.44,1724.6692,5.053556370752352,-7.2448006,333.3033,235.44173,Jamming
90000000,0.021805352,1.3234307,-12.01,-11.330145,4.312214180134268,-6.666389,0.6339038,0.7938117,Safe
1685875710,0.10242995,2121.4988,46.69,58.43721,4.997470954950526,-7.02064,1059.3613,682.746,Jamming
1277518108,0.00010716659,491.3217,36.52,2749.1982,5.108873331531102,-7.230829,245.10378,211.85687,Jamming
1419313261,2.2535033,608.6602,36.38,1141.8271,5.067058460830539,-7.4495306,303.80612,208.54898,Jamming
896891994,5.3842483e-05,603.0732,37.04,7551.76,5.03214231997586,-7.2476406,301.0738,224.92616,Jamming
1001107271,0.1060873,1087.1794,41.68,2349.5205,5.085421084947143,-7.0079436,543.1368,383.7337,Jamming
1581707560,0.1438204,425.8969,35.08,191.85384,5.132018826433982,-7.5820003,211.57155,179.46619,Jamming
569396193,0.059088886,1665.8126,40.92,18.334837,4.587897225253444,-7.474654,832.71747,351.42786,Jamming
468172142,3.762858,380.6775,35.28,389.84055,5.246912044059759,-7.630265,190.10701,183.67717,Jamming
1573826998,3.986421e-05,2213.842,46.46,-327.4461,4.929954161729132,-7.056911,1101.462,664.9551,Jamming
120000000,0.0053964593,1.2688982,-11.75,4.265979,4.336542112110907,-6.727118,0.5977102,0.8170741,Safe
1691433562,0.09190723,513.7522,35.57,11.098861,5.117141798479889,-7.2124023,256.3995,189.88202,Jamming
777972674,1.4496119e-05,819.12415,37.3,-35.36159,4.904765250350337,-7.3088617,408.44193,231.82883,Jamming
844038053,8.5422864e-05,757.897,35.5,-114.10368,4.825453200858375,-7.4867835,378.52277,188.4094,Jamming
100000000,0.015337245,1.3062559,-11.58,-3.8347058,4.265391436463423,-6.6006775,0.63328326,0.83370703,Safe
160000000,0.004953819,1.2457755,-11.89,0.29848245,4.308816520144321,-6.6183195,0.58901256,0.80417156,Safe
1996332623,1.0137295,370.15213,35.1,10145.609,5.175586325838639,-7.844738,183.32907,179.97255,Jamming
1842209164,0.0005057824,1122.6465,40.56,3789.781,4.922339125614557,-7.1820087,560.1622,337.15002,Jamming
1477587013,0.03064519,2437.4824,37.53,139.31374,3.502813784241631,-8.341232,1218.0496,237.89012,Jamming
90000000,0.013019228,1.3843317,-12.01,-3.1835663,4.345172654099646,-6.761544,0.6204338,0.79361856,Safe
1800493488,0.24104735,593.26764,36.53,125.13323,5.0482735904025,-7.2605596,296.0322,212.11069,Jamming
70000000,0.0068879686,1.3513027,-11.7,1.1519463,4.378130972864039,-6.7103167,0.6244569,0.82197976,Safe
970849346,0.055211786,673.43933,36.47,935.1841,4.973722465094609,-7.1894674,336.0928,210.69124,Jamming
1198046956,0.102080025,1437.1494,36.77,-193.53795,3.935949763933836,-8.074421,718.3368,218.09091,Jamming
1682607048,0.0098648025,1520.9645,43.87,1748.7756,5.007272165580879,-7.03787,758.5956,493.48575,Jamming
602251163,0.06520406,1955.1531,35.35,37.131275,2.8482171284724944,-8.939796,977.25055,185.14882,Jamming
100000000,0.020184975,1.3398757,-11.87,11.105105,4.386761322075682,-6.6964746,0.6106936,0.80626965,Safe
1448451050,3.6757923e-05,321.03668,35.28,7533.02,4.902836465174483,-7.504013,157.60983,183.67636,Jamming
1431052933,0.00027386492,2018.6147,46.76,229.64883,5.054748357126628,-6.9650455,1008.47687,688.97186,Jamming
100000000,0.06636111,1.3625036,-12.24,15.050906,4.289721072567255,-6.755332,0.6321442,0.77308226,Safe
1799432702,0.033981826,1743.6443,42.03,-142.37796,4.670720523740641,-7.3687296,870.88965,399.35965,Jamming
1484560260,0.058732387,1733.4691,37.93,14.599647,4.035244115822889,-7.9572854,866.63666,249.12592,Jamming
120000000,0.03200009,1.2900527,-11.58,9.01244,4.218571342378223,-6.651698,0.58138293,0.83336455,Safe
658566472,0.13799456,1849.1938,45.73,520.97864,5.030266767392639,-7.002457,922.33606,611.6249,Jamming
1634534455,0.42482212,524.7257,35.7,13.297004,5.115203682500729,-7.4265575,261.9924,192.85828,Jamming
1065360273,0.00011907382,719.18054,36.62,-18.09942,4.9710508147658405,-7.2147713,359.1669,214.36618,Jamming
929390086,0.14182454,1375.2949,35.23,-177.94756,3.164161223877364,-8.792959,687.45264,182.52487,Jamming
969206077,6.419673e-05,928.52966,38.03,-12.615383,4.852582719715679,-7.285593,464.14072,252.08041,Jamming
799325474,0.085483894,514.1282,35.57,-654.6293,5.151382498313618,-7.224416,256.3709,189.94199,Jamming
1719104745,0.2570245,1413.8668,43.82,384.9686,5.074815113500243,-6.9824142,706.5287,490.82263,Jamming
961138827,0.5195694,746.7677,38.05,2861.3635,5.04067712885395,-7.219236,372.8234,252.52174,Jamming
1312048068,0.35323524,739.0867,38.21,3975.302,5.074468323497208,-7.17992,369.2289,257.32047,Jamming
1700567947,0.00013512265,1251.3105,42.12,2434.7388,4.998970417495051,-7.0731363,624.4891,403.70947,Jamming
1129894507,0.010675186,1034.3069,40.95,-47.530525,5.053119330424517,-6.9596066,514.7876,352.86664,Jamming
647130718,0.015940798,1351.5016,42.39,-218.5397,4.959001609870092,-7.050904,673.30896,416.17474,Jamming
1252437697,0.072490506,1339.1776,42.22,-110.842,4.948131181785936,-7.0864277,668.58453,408.26086,Jamming
755042082,2.0708725e-05,868.17377,39.08,4369.6,4.991983952895864,-7.175338,432.0605,284.29007,Jamming
500369439,3.3651628e-05,442.34723,35.87,8754.764,4.995268095854506,-7.3788624,218.88501,196.4735,Jamming
70000000,0.06836952,1.3297964,-11.83,-8.962622,4.281089761318919,-6.7440586,0.6176913,0.80982697,Safe
70000000,0.066149,1.3620106,-11.78,6.851781,4.279255399123462,-6.7678432,0.6373791,0.8149837,Safe
160000000,0.13011795,1.2930186,-12.62,-14.893399,4.3867609017408125,-6.785749,0.5979618,0.73956597,Safe
740587190,0.00016722013,1871.077,45.31,-15.131806,4.96686860259286,-7.024195,934.13684,582.6036,Jamming
90000000,0.003331799,1.2983954,-11.82,-7.9801507,4.265393007305553,-6.6429787,0.6075573,0.8109652,Safe
1113421937,0.00015945465,817.4244,39.21,4218.815,5.071662870151174,-7.098276,406.84818,288.86823,Jamming
160000000,0.058165908,1.3262426,-12.1,1.6478415,4.33130944976708,-6.8069263,0.61397487,0.78492147,Safe
939397363,0.027420718,614.46173,36.45,-682.4642,5.056370665357047,-7.108136,306.8804,210.13239,Jamming
447424227,0.10919989,461.79172,35.29,-392.66782,5.121573407203456,-7.395198,230.38394,183.7752,Jamming
1359605628,0.06508268,426.72495,35.34,0.68616354,5.241185363864682,-7.248416,213.28098,184.89143,Jamming
1484019933,0.06774773,2135.817,46.21,74.94624,4.942641871724897,-7.075403,1064.7737,646.33215,Jamming
120000000,0.15972646,1.4024919,-11.85,-6.9755993,4.350404973003283,-6.807703,0.6703554,0.80808985,Safe
1641501846,2.9509903e-05,324.93048,35.24,6473.788,4.838003947643669,-7.56958,160.43953,182.88992,Jamming
70000000,0.012252133,1.3374573,-12.14,23.031305,4.364267948249015,-6.7214494,0.6365578,0.781836,Safe
1607607277,0.00017136174,1055.1814,41.27,2200.3818,5.070168733699019,-7.03394,525.50867,366.03787,Jamming
1493999199,0.13646463,601.0581,36.53,95.95545,5.07599138833905,-7.1941147,299.85977,212.1157,Jamming
996936280,0.00028680707,2253.6833,47.21,176.05443,5.002840797129686,-6.9963226,1126.0771,725.09106,Jamming
1918092312,0.00022106055,522.59,36.75,1413.1837,5.114729311219487,-7.219905,258.40442,217.476,Jamming
944285329,0.055824142,462.97842,35.27,-133.31897,5.16537326946524,-7.2057714,231.03293,183.4083,Jamming
100000000,0.0770567,1.349909,-11.73,-2.3519487,4.320845225652707,-6.6412096,0.5837296,0.8195813,Safe
1980064687,0.0060184575,2480.645,46.58,110.31052,4.843374887077883,-7.1645775,1238.76,674.2777,Jamming
1611515969,0.17582357,1224.9814,35.5,-127.17922,3.5548456726862843,-8.480931,611.97107,188.3351,Jamming
514656736,0.02816868,1368.1401,42.94,-41.991695,5.004129865496993,-7.014991,682.2966,443.40793,Jamming
160000000,0.005956417,1.3742149,-11.66,7.142328,4.308815833435467,-6.755678,0.6137003,0.8264736,Safe
70000000,0.05058469,1.3678677,-11.77,-2.369773,4.260160222353951,-6.615208,0.65352654,0.8158303,Safe
1479686714,0.01889494,1010.59674,39.71,-95.33071,4.935105631724673,-7.0913067,504.26672,305.68997,Jamming
1364092351,0.37996817,523.3263,36.43,9181.183,5.102164772503452,-7.296574,260.7063,209.70795,Jamming
1750354347,5.0736202e-05,1104.2972,39.7,1016.06146,4.828926204102947,-7.2920914,551.08453,305.6552,Jamming
949858149,5.3842483e-05,1568.5586,43.4,1092.5771,4.919233307410457,-7.1199646,783.17365,467.6013,Jamming
804550857,0.050230045,1783.7283,45.3,-28.82172,5.016431482159062,-6.998871,891.1758,582.41815,Jamming
90000000,0.11107303,1.297129,-12.01,18.328203,4.331309362618723,-6.755144,0.5768224,0.79337573,Safe
1618743393,0.00044314514,815.5617,39.26,391.50433,5.069529769719481,-7.097782,407.42044,290.34543,Jamming
778724224,0.089541495,1722.2391,35.22,-9.957027,2.867537998229793,-8.956003,860.85785,182.36305,Jamming
1342457440,2.1226442e-05,770.2953,35.08,41.95907,4.777770610802958,-7.66816,384.56,179.40932,Jamming
100000000,0.04263238,1.257107,-12.05,-0.23126508,4.331309253017869,-6.6612077,0.5838802,0.7898991,Safe
90000000,0.085173726,1.2973204,-12.04,1.6104083,4.231742005862897,-6.689022,0.6233794,0.7908115,Safe
70000000,0.04068229,1.263711,-11.57,10.38134,4.359035642266795,-6.598885,0.49529323,0.8344447,Safe
90000000,0.17823967,1.2880945,-11.42,-5.091805,4.345172254690088,-6.5825834,0.598236,0.8492065,Safe
90000000,0.008335045,1.3407936,-11.83,-4.186403,4.339939614926035,-6.7161236,0.5868405,0.80969155,Safe
703802816,0.022101022,1632.595,44.25,712.3977,4.983684503644135,-7.0598917,813.0644,515.88715,Jamming
90000000,0.16221339,1.318535,-12.03,-5.836443,4.3035839351235285,-6.7638183,0.62151855,0.79124475,Safe
676685075,0.0003862015,989.26544,39.01,-171.21121,4.895578340614355,-7.166889,494.0858,282.18985,Jamming
1621346350,0.07871803,1610.9863,37.08,86.77064,3.899939431861778,-8.087868,804.4723,226.0704,Jamming
120000000,0.044966415,1.2843,-11.47,9.909957,4.336541474684858,-6.623056,0.5662293,0.84426844,Safe
812697648,0.011554091,2224.5164,45.23,-17.589134,4.800280231212992,-7.2148056,1109.9083,577.7415,Jamming
1990836953,0.14964195,445.5793,35.11,-90.259026,5.168302427539329,-7.7256584,222.5454,180.00922,Jamming
852567390,0.122998595,1456.0609,35.2,58.584343,3.080395272026307,-8.839763,727.88196,182.04158,Jamming
1666916973,6.212588e-05,616.6558,37.25,1520.0605,5.060469261636946,-7.2158117,307.5895,230.3503,Jamming
1993796416,0.00039810798,1147.4944,39.3,150.22443,4.7771561869048265,-7.302714,572.3117,291.60822,Jamming
160000000,0.06161929,1.3856617,-11.58,8.689795,4.275858304036559,-6.6822166,0.6137948,0.8334113,Safe
70000000,0.060276665,1.3817425,-11.51,7.5489545,4.3781315147540685,-6.6526976,0.64667344,0.8403573,Safe
965960639,0.000703006,1085.0935,40.98,-35.477135,5.020436182487994,-7.0347676,542.10345,353.83646,Jamming
760677678,0.31918633,542.05963,35.49,294.61685,5.082095727679691,-7.552842,270.9542,188.07047,Jamming
100000000,0.0054042153,1.3576201,-11.82,9.714876,4.419719862731817,-6.597091,0.6670024,0.8107558,Safe
1615625851,0.41674197,1148.5588,41.99,37.34116,5.069449525483148,-7.022027,572.7207,397.5143,Jamming
1597019284,1.4496119e-05,959.0337,38.25,-61.276936,4.844309170786234,-7.2273946,478.96246,258.3791,Jamming
120000000,0.053445306,1.248791,-11.88,-22.065924,4.339939582001136,-6.599819,0.56747526,0.8052355,Safe
100000000,0.06439155,1.3610831,-11.55,9.311526,4.199476014438609,-6.689837,0.6354885,0.8369786,Safe
140000000,0.0014949162,1.3242991,-11.92,13.198295,4.34517251289823,-6.6877885,0.6262705,0.8018097,Safe
90000000,0.04558277,1.2135875,-12.41,2.0426154,4.414486907197998,-6.6834507,0.59417737,0.7575971,Safe
829847830,0.00016722013,1322.149,42.94,-103.84184,5.046511672924453,-6.985322,658.4916,443.83813,Jamming
1811359289,0.11107506,1370.4218,37.71,47.57827,4.260553268622559,-7.8222895,684.91205,243.0237,Jamming
120000000,0.0410895,1.274424,-11.83,5.1558843,4.214480728945257,-6.6056786,0.59996814,0.8102587,Safe
140000000,0.07988368,1.3563256,-11.83,-8.120825,4.265392766974655,-6.686526,0.6065867,0.8099309,Safe
90000000,0.008942155,1.3898597,-11.53,-2.5718024,4.229036109559367,-6.7098036,0.6584634,0.8380996,Safe
1244832781,0.053485192,1974.214,37.11,115.29223,3.662714557263096,-8.248068,986.4401,226.73901,Jamming
1215202839,0.04910043,658.30084,36.81,117.346504,5.050425521031936,-7.171048,327.2377,218.99965,Jamming
444009107,0.012360546,1687.5365,44.25,-265.45743,4.943576806652484,-7.0461154,842.5915,516.1059,Jamming
100000000,0.042000733,1.3353833,-12.41,2.528784,4.405856493103945,-6.7099175,0.61540145,0.75787306,Safe
1353581984,0.18117586,467.93497,35.2,156.47818,5.142801944672609,-7.699938,233.60724,181.89587,Jamming
160000000,0.02283033,1.3502445,-11.82,-5.3575597,4.326076712918184,-6.708498,0.6260892,0.8114151,Safe
1611072738,0.07566999,868.8509,37.16,-56.575886,4.8010927221854525,-7.3726654,433.76743,227.9409,Jamming
765059614,8.6458276e-05,702.2128,35.65,-36.445576,4.905324147881869,-7.6004615,350.809,191.67764,Jamming
838582681,1.5531579e-06,755.6815,35.22,43.730072,4.802499716545388,-7.6054835,377.6638,182.41182,Jamming
582728899,1.1190101,531.28577,36.53,3749.7297,5.09909425620623,-7.2837873,265.33185,212.18501,Jamming
160000000,0.017992256,1.3934503,-11.59,1.2960825,4.289720278897492,-6.721985,0.6723838,0.832438,Safe
100000000,0.014691813,1.3729745,-11.93,-1.4533845,4.364267922668082,-6.769797,0.6496388,0.800884,Safe
100000000,0.0044485545,1.3375417,-11.27,11.121901,4.317446341482618,-6.758054,0.5834351,0.8643342,Safe
1235850856,0.00050733535,2732.163,44.09,784.6909,4.458624963765645,-7.5199594,1365.3745,506.1757,Jamming
1325840024,0.006552488,2096.9292,45.58,-162.03886,4.88849323698231,-7.098215,1047.4489,601.162,Jamming
1461270929,0.04750506,1798.9312,40.81,22.411608,4.476515909104631,-7.556643,898.3288,346.9451,Jamming
1742285990,0.024455898,2004.9602,45.88,-75.79952,4.96834581990109,-7.0318675,999.54395,622.36774,Jamming
584700143,0.00046333415,1957.9518,46.06,225.37794,5.014222601202578,-6.9917984,978.644,635.3027,Jamming
160000000,0.0053597465,1.3651192,-11.82,16.747765,4.298350608833159,-6.692668,0.651625,0.811194,Safe
832545368,3.2616197e-05,443.57983,35.85,11648.925,4.9852307766187,-7.3852444,221.17596,196.17038,Jamming
1032803539,0.10525258,1578.1368,35.28,214.51596,3.0174283032555924,-8.8563,788.94104,183.58322,Jamming
160000000,0.052634683,1.381176,-11.29,3.456965,4.2792554756683465,-6.640993,0.61343443,0.8617708,Safe
837815247,0.24814805,1772.8795,44.08,626.1465,4.880685379464134,-7.14807,883.7472,505.9981,Jamming
1403180330,2.3297309e-05,2148.7034,46.13,956.32446,4.916062526201821,-7.0882807,1072.6414,640.3894,Jamming
100000000,0.029911024,1.3569016,-11.75,-4.527995,4.345172948980492,-6.7125454,0.60436237,0.81706285,Safe
120000000,0.107944615,1.2810875,-11.9,0.22875236,4.350404814709667,-6.709845,0.6129339,0.80372524,Safe
160000000,0.022585697,1.238655,-11.82,-4.4330378,4.369499772093889,-6.6317534,0.5437824,0.81121844,Safe
1965295290,3.1063053e-05,894.1174,36.22,29.908428,4.721919597702139,-7.7193775,446.75378,204.57445,Jamming
1572489496,0.015422881,2060.0593,43.17,-79.021385,4.640106268455556,-7.3742914,1027.811,455.5338,Jamming
1763967153,0.00013926429,778.8244,36.07,-165.59201,4.840520352532513,-7.40683,388.82135,201.22926,Jamming
951003563,0.02273557,2089.6074,42.05,-24.953894,4.475987513355202,-7.518296,1043.6127,400.4727,Jamming
90000000,1.4496119e-05,1.3689542,-11.87,17.967033,4.317446279207555,-6.6887774,0.66294813,0.80671674,Safe
611766219,0.05116187,1714.2328,38.56,-134.08171,4.154340070983413,-7.844757,855.5809,267.89978,Jamming
1624559749,6.2643594e-05,2161.3403,45.58,1216.3859,4.862964065847598,-7.1522903,1079.1757,601.3122,Jamming
968910219,0.045041736,1764.8032,37.02,80.959435,3.731244952602752,-8.184862,881.9821,224.38293,Jamming
160000000,0.017163124,1.2690434,-11.92,11.754548,4.281089962626528,-6.6101418,0.5921702,0.8020694,Safe
160000000,0.0175246,1.2906222,-11.99,-11.432627,4.378131465333163,-6.750964,0.5952639,0.79534906,Safe
70000000,0.057468567,1.3705797,-11.94,-5.013441,4.281090336386822,-6.6468186,0.64689183,0.8000885,Safe
1812708611,0.0004695461,1369.4625,42.32,1364.8824,4.937236633987648,-7.129844,683.43536,412.89798,Jamming
1553609720,0.16165626,1310.7301,35.07,290.43134,3.0033393562523027,-8.954378,655.334,179.18294,Jamming
100000000,9.4223906e-05,1.364849,-12.36,22.460405,4.229036406762891,-6.811977,0.6309799,0.7621641,Safe
90000000,0.11736494,1.3200215,-11.91,1.6355177,4.275856989763802,-6.731966,0.64502585,0.8029837,Safe
1864384117,0.29139337,341.99222,35.29,1218.1892,5.014673976623438,-7.539714,170.38458,183.78087,Jamming
731948517,0.1305048,435.52197,35.19,370.36865,5.237818939312231,-7.366928,216.87032,181.81844,Jamming
1093771182,1.812014e-05,748.4477,35.86,18.158333,4.863767598010317,-7.422701,373.77222,196.264,Jamming
1172221683,0.33941853,684.9403,37.64,791.56415,5.046616757554924,-7.231782,341.06247,241.06294,Jamming
442363404,7.765721e-05,828.2533,37.12,-39.33016,4.8764057594747765,-7.37616,413.24506,226.99538,Jamming
160000000,0.030209228,1.3351622,-11.93,-20.145853,4.327909819453139,-6.6995487,0.63173044,0.8004988,Safe
1628218348,0.0,471.12518,36.16,5882.201,5.0469667910054365,-7.3106756,233.17882,203.13466,Jamming
1545062754,5.953732e-05,537.85516,36.49,2728.0186,5.018044274444268,-7.3027153,267.83282,211.06923,Jamming
792306008,0.042504214,754.3666,37.78,66.607025,4.993661524419926,-7.075766,377.06082,244.90344,Jamming
120000000,0.08476858,1.3242797,-11.73,-12.477556,4.322678792872048,-6.658504,0.6375159,0.8195166,Safe
1867489790,0.07155561,346.75595,35.41,1951.3231,4.982077486257317,-7.445777,170.80304,186.37244,Jamming
1673348181,0.014939988,1998.5859,46.46,-44.225925,5.037256540583735,-6.9706526,998.09985,665.0652,Jamming
604799954,0.000107684304,787.821,35.19,-138.56544,4.761910132609137,-7.7151003,393.37677,181.76862,Jamming
1265778559,0.019085662,1104.3403,40.61,-73.76809,4.952169882636579,-7.0642834,551.55444,339.2835,Jamming
1391596448,0.00044107452,562.86304,35.22,32.32588,5.0959070096590695,-8.009541,281.24435,182.43195,Jamming
120000000,0.014213996,1.3050333,-11.82,-4.0488844,4.3313093435681305,-6.559355,0.64537036,0.81141526,Safe
1748928123,5.8501897e-05,1058.0461,40.69,-31.093336,5.021415879400949,-7.089792,527.12384,342.4443,Jamming
1840589583,9.991869e-05,438.5253,36.13,1388.2346,5.091087830313995,-7.2675457,218.53249,202.51134,Jamming
757996278,0.500747,482.71103,36.05,9050.492,5.14307781434308,-7.3703384,240.34741,200.73502,Jamming
160000000,0.02087081,1.2909644,-12.08,-5.6701765,4.279255719348381,-6.7374883,0.5968058,0.7868812,Safe
90000000,0.08110643,1.3389457,-11.66,-10.109763,4.397226314207432,-6.620779,0.6319982,0.82590616,Safe
140000000,0.0030219117,1.3524071,-11.72,-3.992768,4.275857162948024,-6.7392473,0.62273926,0.8201886,Safe
1795803372,7.765721e-05,750.27625,35.29,-24.273457,4.817088816018125,-7.569459,374.5564,183.77129,Jamming
90000000,0.056166567,1.3553672,-12.21,-1.9911902,4.33654231591665,-6.7090864,0.6282779,0.7754756,Safe
120000000,0.040360175,1.3424497,-11.68,-7.913405,4.369499689391594,-6.720466,0.61343014,0.8243827,Safe
120000000,0.0014017578,1.2848836,-12.15,6.2749023,4.326076506655897,-6.707906,0.6170178,0.7804205,Safe
1009800666,0.14670236,1334.2438,36.56,54.955196,4.019099987030338,-8.063137,666.9402,212.72423,Jamming
952151008,0.01890422,391.8283,35.54,5263.8247,4.95369676049896,-7.446872,192.50319,189.204,Jamming
924465675,0.0266752,1940.2631,41.49,107.58962,4.475474083355671,-7.5276127,969.66284,375.43253,Jamming
933913027,0.0006527951,1036.1929,38.25,-57.193886,4.776004069501539,-7.2922726,517.46783,258.65958,Jamming
1171280736,0.02253265,2116.7888,43.42,41.528595,4.630242164654808,-7.3715158,1057.006,468.68225,Jamming
718693130,0.04719165,386.81638,35.62,1855.6016,5.025918226627717,-7.3989897,192.22536,190.90494,Jamming
120000000,0.07599713,1.312658,-11.9,-4.173456,4.279255876082361,-6.6102386,0.5701251,0.80346066,Safe
461571240,0.27101153,733.50476,37.79,-59.77652,5.035130461982337,-7.176525,365.7454,245.26262,Jamming
90000000,0.012218576,1.2992693,-11.32,-3.8513467,4.274023304848091,-6.631389,0.6083436,0.85938585,Safe
1972108498,0.051096894,1243.2446,41.5,-166.6317,4.940874938929804,-7.079291,619.9854,375.76556,Jamming
70000000,0.34936565,1.2687762,-11.53,-1.7309506,4.298349998439815,-6.6672935,0.6194734,0.83810544,Safe
1032751045,0.08635845,1576.9429,36.83,190.7521,3.853606581309266,-8.131859,787.72565,219.65047,Jamming
160000000,0.025570322,1.400804,-11.42,-9.017336,4.312213411696641,-6.7188835,0.63310766,0.849227,Safe
1253111990,0.00011493218,710.86237,35.88,-49.00043,4.916267786766547,-7.455219,354.28198,196.8567,Jamming
120000000,0.06387581,1.2932124,-12.01,14.156646,4.220405722286472,-6.6827,0.6296007,0.7931708,Safe
100000000,0.008827457,1.2970413,-11.48,1.3926128,4.3226779891833935,-6.6131654,0.6078298,0.8438018,Safe
1991996155,6.678529e-05,1152.9669,40.95,47.10919,4.957064224743952,-7.075387,574.04755,352.96414,Jamming
70000000,0.01784222,1.2807825,-11.93,0.43272752,4.289720778353489,-6.6600966,0.6328287,0.8011094,Safe
1131451296,9.836657e-06,962.5356,36.06,4262.866,4.314895337023986,-7.9694614,479.07782,200.9339,Jamming
120000000,0.0004928409,1.3511382,-12.0,-13.207663,4.298350344672544,-6.686891,0.6211922,0.7946895,Safe
549650152,0.01266254,1044.025,39.87,19.972683,4.928093699195414,-7.0928144,520.3521,311.7077,Jamming
90000000,0.10711935,1.3898723,-11.78,-9.828319,4.317445803104834,-6.6542406,0.67217267,0.8145678,Safe
100000000,0.023665588,1.3028843,-12.11,-7.7649474,4.317446259444513,-6.7414284,0.6220568,0.78457016,Safe
70000000,0.048327908,1.3336134,-11.85,-21.221254,4.188319412731173,-6.6148505,0.59324276,0.80787873,Safe
1892636405,0.00015272453,754.942,35.31,-11.722668,4.810979612233429,-7.6720924,377.01306,184.35799,Jamming
100000000,0.0130920075,1.3809172,-11.47,1.3757595,4.253364217236854,-6.6255507,0.67516565,0.8440437,Safe
